player_id,fifa_id,display_name,first_name,last_name,country,country_abbr,group,squad_id,fantasy_position,fantasy_price
374,,Ladislav Krejcí,Ladislav,Krejcí,Czechia,CZE,A,15,DEF,4.4
378,,Robin Hranác,Robin,Hranác,Czechia,CZE,A,15,DEF,3.9
1405,,David Zima,David,Zima,Czechia,CZE,A,15,DEF,3.9
379,,Jaroslav Zeleny,Jaroslav,Zeleny,Czechia,CZE,A,15,DEF,3.9
375,,Tomás Holes,Tomás,Holes,Czechia,CZE,A,15,DEF,3.9
376,,David Jurásek,David,Jurásek,Czechia,CZE,A,15,DEF,3.9
380,,Vladimír Coufal,Vladimír,Coufal,Czechia,CZE,A,15,DEF,3.6
381,,Stepán Chaloupek,Stepán,Chaloupek,Czechia,CZE,A,15,DEF,3.5
382,,Patrik Schick,Patrik,Schick,Czechia,CZE,A,15,FWD,7.3
1427,,Adam Hlozek,Adam,Hlozek,Czechia,CZE,A,15,FWD,6.5
1425,,Jan Kuchta,Jan,Kuchta,Czechia,CZE,A,15,FWD,5.5
383,,Tomás Chory,Tomás,Chory,Czechia,CZE,A,15,FWD,5.3
384,,Mojmír Chytil,Mojmír,Chytil,Czechia,CZE,A,15,FWD,4.9
387,,Matej Kovár,Matej,Kovár,Czechia,CZE,A,15,GK,4.1
1400,,Jindrich Stanek,Jindrich,Stanek,Czechia,CZE,A,15,GK,4
388,,Lukás Hornícek,Lukás,Hornícek,Czechia,CZE,A,15,GK,3.8
397,,Pavel Sulc,Pavel,Sulc,Czechia,CZE,A,15,MID,5.9
396,,Lukás Provod,Lukás,Provod,Czechia,CZE,A,15,MID,5.9
395,,Michal Sadílek,Michal,Sadílek,Czechia,CZE,A,15,MID,5.6
393,,Tomás Soucek,Tomás,Soucek,Czechia,CZE,A,15,MID,5.6
391,,Vladimír Darida,Vladimír,Darida,Czechia,CZE,A,15,MID,5.3
390,,Lukás Cerv,Lukás,Cerv,Czechia,CZE,A,15,MID,5.3
1413,,David Doudera,David,Doudera,Czechia,CZE,A,15,MID,5.1
373,,Denis Visinsky,Denis,Visinsky,Czechia,CZE,A,15,MID,4.9
1411,,Alexandr Sojka,Alexandr,Sojka,Czechia,CZE,A,15,MID,4.5
1417,,Hugo Sochurek,Hugo,Sochurek,Czechia,CZE,A,15,MID,4.3
715,,Kim Min-Jae,Min-Jae,Kim,Korea Republic,KOR,A,27,DEF,5
1548,,Lee Gi-Hyuk,Gi-Hyuk,Lee,Korea Republic,KOR,A,27,DEF,4.5
716,,Seol Young-Woo,Young-Woo,Seol,Korea Republic,KOR,A,27,DEF,4.2
718,,Kim Moon-Hwan,Moon-Hwan,Kim,Korea Republic,KOR,A,27,DEF,3.9
2070,,Cho Wi-Je,Wi-Je,Cho,Korea Republic,KOR,A,27,DEF,3.7
720,,Lee Tae-Seok,Tae-Seok,Lee,Korea Republic,KOR,A,27,DEF,3.7
719,,Lee Han-Beom,Han-Beom,Lee,Korea Republic,KOR,A,27,DEF,3.7
722,,Kim Tae-Hyeon,Tae-Hyeon,Kim,Korea Republic,KOR,A,27,DEF,3.6
723,,Son Heung-Min,Heung-Min,Son,Korea Republic,KOR,A,27,FWD,7.4
724,,Hwang Hee-Chan,Hee-Chan,Hwang,Korea Republic,KOR,A,27,FWD,6.1
725,,Cho Gue-Sung,Gue-Sung,Cho,Korea Republic,KOR,A,27,FWD,5.3
726,,Oh Hyeon-Gyu,Hyeon-Gyu,Oh,Korea Republic,KOR,A,27,FWD,4.9
727,,Yang Hyun-Jun,Hyun-Jun,Yang,Korea Republic,KOR,A,27,FWD,4.7
728,,Eom Ji-Sung,Ji-Sung,Eom,Korea Republic,KOR,A,27,FWD,4.6
729,,Jo Hyeon-Woo,Hyeon-Woo,Jo,Korea Republic,KOR,A,27,GK,4.6
730,,Kim Seung-Gyu,Seung-Gyu,Kim,Korea Republic,KOR,A,27,GK,4.1
731,,Song Bum-Keun,Bum-Keun,Song,Korea Republic,KOR,A,27,GK,3.9
737,,Lee Jae-Sung,Jae-Sung,Lee,Korea Republic,KOR,A,27,MID,6.2
736,,Lee Kang-In,Kang-In,Lee,Korea Republic,KOR,A,27,MID,6.1
735,,Bae Jun-Ho,Jun-Ho,Bae,Korea Republic,KOR,A,27,MID,5.9
1549,,Hwang In-Beom,In-Beom,Hwang,Korea Republic,KOR,A,27,MID,5.8
732,,Paik Seung-Ho,Seung-Ho,Paik,Korea Republic,KOR,A,27,MID,5.6
733,,Jens Castrop,Jens,Castrop,Korea Republic,KOR,A,27,MID,5.6
713,,Park Jin-Seob,Jin-Seob,Park,Korea Republic,KOR,A,27,MID,4.9
1550,,Lee Dong-Gyeong,Dong-Gyeong,Lee,Korea Republic,KOR,A,27,MID,4.9
714,,Kim Jin-Gyu,Jin-Gyu,Kim,Korea Republic,KOR,A,27,MID,4.9
742,,Jesús Gallardo,Jesús,Gallardo,Mexico,MEX,A,28,DEF,4.7
741,,César Montes,César,Montes,Mexico,MEX,A,28,DEF,4.7
740,,Johan Vásquez,Johan,Vásquez,Mexico,MEX,A,28,DEF,4.7
744,,Israel Reyes,Israel,Reyes,Mexico,MEX,A,28,DEF,4
743,,Jorge Sánchez,Jorge,Sánchez,Mexico,MEX,A,28,DEF,4
1465,,Mateo Chávez,Mateo,Chávez,Mexico,MEX,A,28,DEF,3.5
748,,Raúl Jiménez,Raúl,Jiménez,Mexico,MEX,A,28,FWD,7
1485,,Santiago Giménez,Santiago,Giménez,Mexico,MEX,A,28,FWD,6.8
750,,Julián Quiñones,Julián,Quiñones,Mexico,MEX,A,28,FWD,5.6
752,,Roberto Alvarado,Roberto,Alvarado,Mexico,MEX,A,28,FWD,5.3
751,,Alexis Vega,Alexis,Vega,Mexico,MEX,A,28,FWD,5.3
753,,Guillermo Martínez,Guillermo,Martínez,Mexico,MEX,A,28,FWD,4.7
754,,Armando González,Armando,González,Mexico,MEX,A,28,FWD,4.4
755,,Guillermo Ochoa,Guillermo,Ochoa,Mexico,MEX,A,28,GK,4.2
756,,Carlos Acevedo,Carlos,Acevedo,Mexico,MEX,A,28,GK,4
757,,Raúl Rangel,Raúl,Rangel,Mexico,MEX,A,28,GK,3.9
763,,Álvaro Fidalgo,Álvaro,Fidalgo,Mexico,MEX,A,28,MID,6.4
1473,,César Huerta,César,Huerta,Mexico,MEX,A,28,MID,6.3
1477,,Luis Chávez,Luis,Chávez,Mexico,MEX,A,28,MID,6.3
762,,Orbelín Pineda,Orbelín,Pineda,Mexico,MEX,A,28,MID,6.2
1474,,Edson Álvarez,Edson,Álvarez,Mexico,MEX,A,28,MID,6
759,,Érik Lira,Érik,Lira,Mexico,MEX,A,28,MID,5.6
1478,,Luis Romo,Luis,Romo,Mexico,MEX,A,28,MID,5.5
758,,Brian Gutiérrez,Brian,Gutiérrez,Mexico,MEX,A,28,MID,5
738,,Obed Vargas,Obed,Vargas,Mexico,MEX,A,28,MID,4.7
1476,,Gilberto Mora,Gilberto,Mora,Mexico,MEX,A,28,MID,4.5
1063,,Aubrey Modiba,Aubrey,Modiba,South Africa,RSA,A,40,DEF,3.7
1064,,Thabang Matuludi,Thabang,Matuludi,South Africa,RSA,A,40,DEF,3.7
1701,,Bradley Cross,Bradley,Cross,South Africa,RSA,A,40,DEF,3.6
1065,,Khuliso Mudau,Khuliso,Mudau,South Africa,RSA,A,40,DEF,3.6
1066,,Nkosinathi Sibisi,Nkosinathi,Sibisi,South Africa,RSA,A,40,DEF,3.6
1700,,Olwethu Makhanya,Olwethu,Makhanya,South Africa,RSA,A,40,DEF,3.5
1070,,Samukele Kabini,Samukele,Kabini,South Africa,RSA,A,40,DEF,3.5
1069,,Ime Okon,Ime,Okon,South Africa,RSA,A,40,DEF,3.5
1068,,Khulumani Ndamane,Khulumani,Ndamane,South Africa,RSA,A,40,DEF,3.5
1067,,Mbekezeli Mbokazi,Mbekezeli,Mbokazi,South Africa,RSA,A,40,DEF,3.5
1071,,Lyle Foster,Lyle,Foster,South Africa,RSA,A,40,FWD,5.4
1073,,Oswin Appollis,Oswin,Appollis,South Africa,RSA,A,40,FWD,4.9
1072,,Relebohile Mofokeng,Relebohile,Mofokeng,South Africa,RSA,A,40,FWD,4.9
1075,,Evidence Makgopa,Evidence,Makgopa,South Africa,RSA,A,40,FWD,4.5
1076,,Thapelo Maseko,Thapelo,Maseko,South Africa,RSA,A,40,FWD,4.2
1077,,Ronwen Williams,Ronwen,Williams,South Africa,RSA,A,40,GK,4.5
1078,,Ricardo Goss,Ricardo,Goss,South Africa,RSA,A,40,GK,3.7
1698,,Sipho Chaine,Sipho,Chaine,South Africa,RSA,A,40,GK,3.7
1707,,Iqraam Rayners,Iqraam,Rayners,South Africa,RSA,A,40,MID,5.3
1062,,Yaya Sithole,Sphephelo S'Miso,Sithole,South Africa,RSA,A,40,MID,5.1
1061,,Tshepang Moremi,Tshepang,Moremi,South Africa,RSA,A,40,MID,4.9
1060,,Thalente Mbatha,Thalente,Mbatha,South Africa,RSA,A,40,MID,4.9
1704,,Kamogelo Sebelebele,Kamogelo,Sebelebele,South Africa,RSA,A,40,MID,4.5
1058,,Teboho Mokoena,Teboho,Mokoena,South Africa,RSA,A,40,MID,4.3
1059,,Themba Zwane,Themba,Zwane,South Africa,RSA,A,40,MID,4.3
1057,,Jayden Adams,Jayden,Adams,South Africa,RSA,A,40,MID,4
139,,Sead Kolasinac,Sead,Kolasinac,Bosnia and Herzegovina,BIH,B,6,DEF,4.3
140,,Amar Dedic,Amar,Dedic,Bosnia and Herzegovina,BIH,B,6,DEF,4.3
141,,Tarik Muharemovic,Tarik,Muharemovic,Bosnia and Herzegovina,BIH,B,6,DEF,3.9
142,,Nikola Katic,Nikola,Katic,Bosnia and Herzegovina,BIH,B,6,DEF,3.8
143,,Stjepan Radeljic,Stjepan,Radeljic,Bosnia and Herzegovina,BIH,B,6,DEF,3.7
1341,,Dennis Hadzikadunic,Dennis,Hadzikadunic,Bosnia and Herzegovina,BIH,B,6,DEF,3.7
144,,Nihad Mujakic,Nihad,Mujakic,Bosnia and Herzegovina,BIH,B,6,DEF,3.6
145,,Nidal Celik,Nidal,Celik,Bosnia and Herzegovina,BIH,B,6,DEF,3.5
146,,Ermedin Demirovic,Ermedin,Demirovic,Bosnia and Herzegovina,BIH,B,6,FWD,6.2
147,,Edin Dzeko,Edin,Dzeko,Bosnia and Herzegovina,BIH,B,6,FWD,6.1
148,,Jovo Lukic,Jovo,Lukic,Bosnia and Herzegovina,BIH,B,6,FWD,5.6
149,,Haris Tabakovic,Haris,Tabakovic,Bosnia and Herzegovina,BIH,B,6,FWD,5.1
150,,Esmir Bajraktarevic,Esmir,Bajraktarevic,Bosnia and Herzegovina,BIH,B,6,FWD,4.7
151,,Samed Bazdar,Samed,Bazdar,Bosnia and Herzegovina,BIH,B,6,FWD,4.5
152,,Kerim Alajbegovic,Kerim,Alajbegovic,Bosnia and Herzegovina,BIH,B,6,FWD,4.2
153,,Nikola Vasilj,Nikola,Vasilj,Bosnia and Herzegovina,BIH,B,6,GK,4
155,,Martin Zlomislic,Martin,Zlomislic,Bosnia and Herzegovina,BIH,B,6,GK,3.5
2067,,Mladen Jurkas,Mladen,Jurkas,Bosnia and Herzegovina,BIH,B,6,GK,3.5
162,,Amir Hadziahmetovic,Amir,Hadziahmetovic,Bosnia and Herzegovina,BIH,B,6,MID,5.5
161,,Benjamin Tahirovic,Benjamin,Tahirovic,Bosnia and Herzegovina,BIH,B,6,MID,5.3
159,,Armin Gigovic,Armin,Gigovic,Bosnia and Herzegovina,BIH,B,6,MID,5.1
160,,Ivan Basic,Ivan,Basic,Bosnia and Herzegovina,BIH,B,6,MID,5.1
158,,Ivan Sunjic,Ivan,Sunjic,Bosnia and Herzegovina,BIH,B,6,MID,5.1
157,,Dzenis Burnic,Dzenis,Burnic,Bosnia and Herzegovina,BIH,B,6,MID,4.9
156,,Amar Memic,Amar,Memic,Bosnia and Herzegovina,BIH,B,6,MID,4.7
1342,,Ermin Mahmic,Ermin,Mahmic,Bosnia and Herzegovina,BIH,B,6,MID,4.2
1961,,Alphonso Davies,Alphonso,Davies,Canada,CAN,B,9,DEF,4.9
1964,,Moïse Bombito,Moïse,Bombito,Canada,CAN,B,9,DEF,4.1
1963,,Alistair Johnston,Alistair,Johnston,Canada,CAN,B,9,DEF,4
221,,Derek Cornelius,Derek,Cornelius,Canada,CAN,B,9,DEF,4
220,,Richie Laryea,Richie,Laryea,Canada,CAN,B,9,DEF,3.9
1966,,Alfie Jones,Alfie,Jones,Canada,CAN,B,9,DEF,3.8
223,,Joel Waterman,Joel,Waterman,Canada,CAN,B,9,DEF,3.7
225,,Luc De Fougerolles,Luc,De Fougerolles,Canada,CAN,B,9,DEF,3.5
226,,Jonathan David,Jonathan,David,Canada,CAN,B,9,FWD,7
227,,Cyle Larin,Cyle,Larin,Canada,CAN,B,9,FWD,6.2
228,,Tajon Buchanan,Tajon,Buchanan,Canada,CAN,B,9,FWD,5.5
1970,,Promise David,Promise,David,Canada,CAN,B,9,FWD,5.4
229,,Liam Millar,Liam,Millar,Canada,CAN,B,9,FWD,5.1
230,,Tani Oluwaseyi,Tani,Oluwaseyi,Canada,CAN,B,9,FWD,4.9
235,,Maxime Crépeau,Maxime,Crépeau,Canada,CAN,B,9,GK,4
236,,Dayne St. Clair,Dayne,St. Clair,Canada,CAN,B,9,GK,3.8
237,,Owen Goodman,Owen,Goodman,Canada,CAN,B,9,GK,3.5
245,,Ismaël Koné,Ismaël,Koné,Canada,CAN,B,9,MID,6
244,,Marcelo Flores,Marcelo,Flores,Canada,CAN,B,9,MID,5.7
243,,Jonathan Osorio,Jonathan,Osorio,Canada,CAN,B,9,MID,5.6
242,,Mathieu Choinière,Mathieu,Choinière,Canada,CAN,B,9,MID,5.3
1968,,Jacob Shaffelburg,Jacob,Shaffelburg,Canada,CAN,B,9,MID,5.2
241,,Nathan Saliba,Nathan,Saliba,Canada,CAN,B,9,MID,5.1
1967,,Stephen Eustaquio,Stephen,Eustaquio,Canada,CAN,B,9,MID,5
240,,Niko Sigur,Niko,Sigur,Canada,CAN,B,9,MID,4.9
238,,Ali Ahmed,Ali,Ahmed,Canada,CAN,B,9,MID,4.9
949,,Pedro Miguel,Pedro Miguel,Carvalho Deus Correia,Qatar,QAT,B,36,DEF,3.9
952,,Boualem Khoukhi,Boualem,Khoukhi,Qatar,QAT,B,36,DEF,3.8
951,,Lucas Mendes,Lucas Michel,Mendes,Qatar,QAT,B,36,DEF,3.8
1507,,Sultan Al Brake,Sultan Hussain Mohamad Hussain,Al Brake,Qatar,QAT,B,36,DEF,3.7
1506,,Homam El Amin,Homam El Amin Mohamed,Ahmed,Qatar,QAT,B,36,DEF,3.6
957,,Issa Laye,Gueye Seydinaissa,Laye,Qatar,QAT,B,36,DEF,3.5
955,,Hashmi Al Hussain,Al Hashmi,Al Hussain Mohi Aldin,Qatar,QAT,B,36,DEF,3.5
958,,Akram Afif,Akram Hassan Afif Yahya,Afif,Qatar,QAT,B,36,FWD,5.9
1510,,Ahmed Alaa,Ahmed Alaaeldin Bader Mohammed,Abdelmotaal,Qatar,QAT,B,36,FWD,5.5
959,,Almoez Ali,Almoez Ali Zainalabedeen Mohamed,Abdulla,Qatar,QAT,B,36,FWD,5.3
1511,,Mohammed Muntari,Mohammed,Muntari,Qatar,QAT,B,36,FWD,5.3
960,,Edmílson Junior,Edmílson Junior Paulo,da Silva,Qatar,QAT,B,36,FWD,4.9
961,,Hassan Al Haydos,Hassan Khalid Hassan,Al Haydos,Qatar,QAT,B,36,FWD,4.6
1513,,Tahsin Jamshid,Tahsin Mohammed,Jamshid,Qatar,QAT,B,36,FWD,4.5
962,,Yusuf Abdurisag,Yusuf,Abdurisag Yusuf,Qatar,QAT,B,36,FWD,4.4
963,,Ahmed Al Ganehi,Ahmed Mohammed Hussein Kassim,Al Ganehi,Qatar,QAT,B,36,FWD,4.2
968,,Meshaal Barsham,Meshaal Aissa Mohammed,Barsham,Qatar,QAT,B,36,GK,4.1
969,,Salah Zakaria,Salah Zakaria Mohamed,Mousa Hassan,Qatar,QAT,B,36,GK,3.7
971,,Mahmud Abunada,Mahmud Ibrahim,Abunada,Qatar,QAT,B,36,GK,3.5
1508,,Abdulaziz Hatem,Abdulaziz Hatem,Mohammed Abdullah,Qatar,QAT,B,36,MID,5.3
947,,Assim Madibo,Assim Omer,Al Haj Madibo,Qatar,QAT,B,36,MID,5.1
1509,,Jassem Gaber,Jassem Gaber,El Sayed Abdulsallam,Qatar,QAT,B,36,MID,5
946,,Karim Boudiaf,Karim,Boudiaf,Qatar,QAT,B,36,MID,4.9
944,,Ahmed Fathy,Ahmed Fathy Mansi,Abdoulla,Qatar,QAT,B,36,MID,4.7
943,,Ayoub Al Oui,Ayoub Mohamed,Al Oui,Qatar,QAT,B,36,MID,4.4
942,,Mohammad Al Mannai,Mohammad Naceur,Al Mannai,Qatar,QAT,B,36,MID,4.2
1141,,Manuel Akanji,Manuel,Akanji,Switzerland,SUI,B,43,DEF,5
1142,,Ricardo Rodríguez,Ricardo,Rodríguez,Switzerland,SUI,B,43,DEF,4.5
1143,,Nico Elvedi,Nico,Elvedi,Switzerland,SUI,B,43,DEF,4.3
1144,,Silvan Widmer,Silvan,Widmer,Switzerland,SUI,B,43,DEF,4.2
1145,,Miro Muheim,Miro,Muheim,Switzerland,SUI,B,43,DEF,4
1146,,Eray Cömert,Eray,Cömert,Switzerland,SUI,B,43,DEF,3.9
1147,,Aurèle Amenda,Aurèle,Amenda,Switzerland,SUI,B,43,DEF,3.7
1148,,Luca Jaquez,Luca,Jaquez,Switzerland,SUI,B,43,DEF,3.5
1149,,Breel Embolo,Breel,Embolo,Switzerland,SUI,B,43,FWD,7.5
1151,,Dan Ndoye,Dan,Ndoye,Switzerland,SUI,B,43,FWD,6.8
1150,,Noah Okafor,Noah,Okafor,Switzerland,SUI,B,43,FWD,5.9
1583,,Cedric Itten,Cedric,Itten,Switzerland,SUI,B,43,FWD,5.4
1582,,Zeki Amdouni,Zeki,Amdouni,Switzerland,SUI,B,43,FWD,4.9
1153,,Gregor Kobel,Gregor,Kobel,Switzerland,SUI,B,43,GK,4.7
1154,,Yvon Mvogo,Yvon,Mvogo,Switzerland,SUI,B,43,GK,4.2
1155,,Marvin Keller,Marvin,Keller,Switzerland,SUI,B,43,GK,3.7
1158,,Rubén Vargas,Rubén,Vargas,Switzerland,SUI,B,43,MID,6.8
1140,,Fabian Rieder,Fabian,Rieder,Switzerland,SUI,B,43,MID,6.2
1135,,Granit Xhaka,Granit,Xhaka,Switzerland,SUI,B,43,MID,6.2
1156,,Djibril Sow,Djibril,Sow,Switzerland,SUI,B,43,MID,6.1
1157,,Denis Zakaria,Denis,Zakaria,Switzerland,SUI,B,43,MID,6.1
1581,,Christian Fassnacht,Christian,Fassnacht,Switzerland,SUI,B,43,MID,6.1
1137,,Michel Aebischer,Michel,Aebischer,Switzerland,SUI,B,43,MID,5.9
1138,,Remo Freuler,Remo,Freuler,Switzerland,SUI,B,43,MID,5.9
1133,,Johan Manzambi,Johan,Manzambi,Switzerland,SUI,B,43,MID,5.6
1139,,Ardon Jashari,Ardon,Jashari,Switzerland,SUI,B,43,MID,5.2
164,,Gabriel Magalhães,Gabriel,dos Santos Magalhães,Brazil,BRA,C,7,DEF,5.5
165,,Marquinhos,Marcos,Aoás Corrêa,Brazil,BRA,C,7,DEF,5.2
1346,,Wesley,Wesley Vinícius,França Lima,Brazil,BRA,C,7,DEF,4.5
1345,,Alex Sandro,Alex Sandro,Lobo da Silva,Brazil,BRA,C,7,DEF,4.5
166,,Ibañez,Roger,Ibañez da Silva,Brazil,BRA,C,7,DEF,4.4
167,,Danilo,Danilo Luiz,da Silva,Brazil,BRA,C,7,DEF,4.3
168,,Douglas Santos,Douglas,dos Santos Justino de Melo,Brazil,BRA,C,7,DEF,4.3
169,,Bremer,Gleison Bremer,Silva Nascimento,Brazil,BRA,C,7,DEF,4.3
170,,Léo Pereira,Leonardo,Pereira,Brazil,BRA,C,7,DEF,4.2
174,,Matheus Cunha,Matheus,Santos Carneiro da Cunha,Brazil,BRA,C,7,FWD,7.3
177,,Luiz Henrique,Luiz Henrique André,Rosa da Silva,Brazil,BRA,C,7,FWD,6.1
178,,Igor Thiago,Igor Thiago,Nascimento Rodrigues,Brazil,BRA,C,7,FWD,5.9
179,,Rayan,Rayan Vitor,Simplício Rocha,Brazil,BRA,C,7,FWD,5.6
181,,Endrick,Endrick Felipe,Moreira de Sousa,Brazil,BRA,C,7,FWD,5.5
182,,Ederson,Ederson,Santana de Moraes,Brazil,BRA,C,7,GK,5
183,,Alisson Becker,Alisson Ramsés,Becker,Brazil,BRA,C,7,GK,5
1343,,Weverton,Weverton,Pereira da Silva,Brazil,BRA,C,7,GK,4.5
173,,Vinícius Júnior,Vinícius José,Paixão de Oliveira Júnior,Brazil,BRA,C,7,MID,10
1366,,Raphinha,Raphael,Dias Belloli,Brazil,BRA,C,7,MID,8.2
1369,,Neymar,Neymar,da Silva Santos Júnior,Brazil,BRA,C,7,MID,7.2
1361,,Bruno Guimarães,Bruno,Guimarães Rodriguez Moura,Brazil,BRA,C,7,MID,6.8
190,,Lucas Paquetá,Lucas,Tolentino Coelho de Lima,Brazil,BRA,C,7,MID,6.5
176,,Gabriel Martinelli,Gabriel Teodoro,Martinelli Silva,Brazil,BRA,C,7,MID,6.5
188,,Casemiro,Carlos Henrique,Casimiro,Brazil,BRA,C,7,MID,6.3
187,,Danilo,Danilo,dos Santos de Oliveira,Brazil,BRA,C,7,MID,5.6
186,,Fabinho,Fábio Henrique,Tavares,Brazil,BRA,C,7,MID,5.2
574,,Jean-Kévin Duverne,Jean-Kévin,Duverne,Haiti,HAI,C,22,DEF,3.8
575,,Carlens Arcus,Carlens,Arcus,Haiti,HAI,C,22,DEF,3.8
576,,Hannes Delcroix,Hannes,Delcroix,Haiti,HAI,C,22,DEF,3.7
1538,,Keeto Thermoncy,Keeto,Thermoncy,Haiti,HAI,C,22,DEF,3.5
577,,Ricardo Adé,Ricardo,Adé,Haiti,HAI,C,22,DEF,3.5
578,,Martin Expérience,Martin,Expérience,Haiti,HAI,C,22,DEF,3.5
580,,Wilguens Paugain,Wilguens,Paugain,Haiti,HAI,C,22,DEF,3.5
581,,Duke Lacroix,Duke,Lacroix,Haiti,HAI,C,22,DEF,3.5
583,,Duckens Nazon,Duckens,Nazon,Haiti,HAI,C,22,FWD,6
582,,Wilson Isidor,Wilson,Isidor,Haiti,HAI,C,22,FWD,5
584,,Frantzdy Pierrot,Frantzdy,Pierrot,Haiti,HAI,C,22,FWD,4.7
585,,Derrick Etienne,Derrick,Etienne,Haiti,HAI,C,22,FWD,4.4
1540,,Lenny Joseph,Lenny,Joseph,Haiti,HAI,C,22,FWD,4.2
588,,Yassin Fortuné,Yassin,Fortuné,Haiti,HAI,C,22,FWD,4.2
589,,Josué Casimir,Josué,Casimir,Haiti,HAI,C,22,FWD,4.2
586,,Louicius Deedson,Louicius,Deedson,Haiti,HAI,C,22,FWD,4.2
590,,Ruben Providence,Ruben,Providence,Haiti,HAI,C,22,FWD,4
591,,Johny Placide,Johny,Placide,Haiti,HAI,C,22,GK,3.9
592,,Alexandre Pierre,Alexandre,Pierre,Haiti,HAI,C,22,GK,3.6
593,,Josué Duverger,Josué,Duverger,Haiti,HAI,C,22,GK,3.5
573,,Danley Jean Jacques,Danley,Jean Jacques,Haiti,HAI,C,22,MID,4.7
572,,Carl Sainté,Carl,Sainté,Haiti,HAI,C,22,MID,4.7
571,,Jean-Ricner Bellegarde,Jean-Ricner,Bellegarde,Haiti,HAI,C,22,MID,4.7
1539,,Dominique Simon,Dominique,Simon,Haiti,HAI,C,22,MID,4.3
570,,Leverton Pierre,Leverton,Pierre,Haiti,HAI,C,22,MID,4.2
569,,Woodensky Pierre,Woodensky,Pierre,Haiti,HAI,C,22,MID,4.2
2012,,Achraf Hakimi,Achraf,Hakimi,Morocco,MAR,C,29,DEF,6
2016,,Issa Diop,Issa,Diop,Morocco,MAR,C,29,DEF,4.5
2014,,Noussair Mazraoui,Noussair,Mazraoui,Morocco,MAR,C,29,DEF,4.4
2011,,Nayef Aguerd,Nayef,Aguerd,Morocco,MAR,C,29,DEF,4.3
2017,,Zakaria El Ouahdi,Zakaria,El Ouahdi,Morocco,MAR,C,29,DEF,4.1
773,,Anass Salah-Eddine,Anass,Salah-Eddine,Morocco,MAR,C,29,DEF,3.9
2013,,Chadi Riad,Chadi,Riad,Morocco,MAR,C,29,DEF,3.9
1668,,Youssef Belammari,Youssef,Belammari,Morocco,MAR,C,29,DEF,3.6
2015,,Redouane Halhal,Redouane,Halhal,Morocco,MAR,C,29,DEF,3.5
777,,Ayoub El Kaabi,Ayoub,El Kaabi,Morocco,MAR,C,29,FWD,5.9
2023,,Soufiane Rahimi,Soufiane,Rahimi,Morocco,MAR,C,29,FWD,5.6
2024,,Abde Ezzalzouli,Abde,Ezzalzouli,Morocco,MAR,C,29,FWD,5.3
2025,,Chemsdine Talbi,Chemsdine,Talbi,Morocco,MAR,C,29,FWD,4.4
1676,,Ayoube Amaimouni-Echghouyab,Ayoube,Amaimouni-Echghouyab,Morocco,MAR,C,29,FWD,4.3
782,,Gessime Yassine,Gessime,Yassine,Morocco,MAR,C,29,FWD,4
2010,,Yassine Bounou,Yassine,Bounou,Morocco,MAR,C,29,GK,4.7
1665,,Munir El Kajoui,Munir,El Kajoui,Morocco,MAR,C,29,GK,4
2009,,Ahmed Tagnaouti,Ahmed,Tagnaouti,Morocco,MAR,C,29,GK,3.5
792,,Ismael Saibari,Ismael,Saibari,Morocco,MAR,C,29,MID,6.8
2020,,Brahim Díaz,Brahim,Díaz,Morocco,MAR,C,29,MID,6.4
2021,,Azzedine Ounahi,Azzedine,Ounahi,Morocco,MAR,C,29,MID,6.2
2022,,Bilal El Khannouss,Bilal,El Khannouss,Morocco,MAR,C,29,MID,6.2
2018,,Sofyan Amrabat,Sofyan,Amrabat,Morocco,MAR,C,29,MID,5.9
2019,,Neil El Aynaoui,Neil,El Aynaoui,Morocco,MAR,C,29,MID,5.6
1674,,Ayyoub Bouaddi,Ayyoub,Bouaddi,Morocco,MAR,C,29,MID,5.5
765,,Samir El Mourabet,Samir,El Mourabet,Morocco,MAR,C,29,MID,4.7
1009,,Andy Robertson,Andy,Robertson,Scotland,SCO,C,38,DEF,5
1577,,Aaron Hickey,Aaron,Hickey,Scotland,SCO,C,38,DEF,4.3
1010,,Kieran Tierney,Kieran,Tierney,Scotland,SCO,C,38,DEF,4.3
1011,,Nathan Patterson,Nathan,Patterson,Scotland,SCO,C,38,DEF,4
1012,,Jack Hendry,Jack,Hendry,Scotland,SCO,C,38,DEF,3.9
1013,,John Souttar,John,Souttar,Scotland,SCO,C,38,DEF,3.8
1014,,Scott McKenna,Scott,McKenna,Scotland,SCO,C,38,DEF,3.8
1015,,Anthony Ralston,Anthony,Ralston,Scotland,SCO,C,38,DEF,3.8
1016,,Dominic Hyam,Dominic,Hyam,Scotland,SCO,C,38,DEF,3.6
1018,,Grant Hanley,Grant,Hanley,Scotland,SCO,C,38,DEF,3.5
1580,,Lawrence Shankland,Lawrence,Shankland,Scotland,SCO,C,38,FWD,5.5
1019,,Ché Adams,Ché,Adams,Scotland,SCO,C,38,FWD,5.4
1579,,Ross Stewart,Ross,Stewart,Scotland,SCO,C,38,FWD,5.4
1021,,George Hirst,George,Hirst,Scotland,SCO,C,38,FWD,4.6
1022,,Lyndon Dykes,Lyndon,Dykes,Scotland,SCO,C,38,FWD,4.6
1023,,Findlay Curtis,Findlay,Curtis,Scotland,SCO,C,38,FWD,4
1024,,Liam Kelly,Liam,Kelly,Scotland,SCO,C,38,GK,3.7
1025,,Angus Gunn,Angus,Gunn,Scotland,SCO,C,38,GK,3.6
1576,,Craig Gordon,Craig,Gordon,Scotland,SCO,C,38,GK,3.5
1027,,Scott McTominay,Scott,McTominay,Scotland,SCO,C,38,MID,6.5
1003,,John McGinn,John,McGinn,Scotland,SCO,C,38,MID,6
1007,,Ryan Christie,Ryan,Christie,Scotland,SCO,C,38,MID,5.6
1578,,Ben Gannon-Doak,Ben,Gannon-Doak,Scotland,SCO,C,38,MID,4.9
1008,,Kenny McLean,Kenny,McLean,Scotland,SCO,C,38,MID,4.8
1028,,Lewis Ferguson,Lewis,Ferguson,Scotland,SCO,C,38,MID,4.8
2060,,Tyler Fletcher,Tyler,Fletcher,Scotland,SCO,C,38,MID,4.7
72,,Jacob Italiano,Jacob,Italiano,Australia,AUS,D,3,DEF,4.2
2002,,Harry Souttar,Harry,Souttar,Australia,AUS,D,3,DEF,4.1
58,,Jordan Bos,Jordan,Bos,Australia,AUS,D,3,DEF,4
60,,Alessandro Circati,Alessandro,Circati,Australia,AUS,D,3,DEF,3.9
62,,Milos Degenek,Milos,Degenek,Australia,AUS,D,3,DEF,3.8
63,,Aziz Behich,Aziz,Behich,Australia,AUS,D,3,DEF,3.8
61,,Cameron Burgess,Cameron,Burgess,Australia,AUS,D,3,DEF,3.8
64,,Jason Geria,Jason,Geria,Australia,AUS,D,3,DEF,3.7
67,,Lucas Herrington,Lucas,Herrington,Australia,AUS,D,3,DEF,3.5
66,,Kai Trewin,Kai,Trewin,Australia,AUS,D,3,DEF,3.5
68,,Nestory Irankunda,Nestory,Irankunda,Australia,AUS,D,3,FWD,5.1
2006,,Mohamed Touré,Mohamed,Touré,Australia,AUS,D,3,FWD,5
70,,Nishan Velupillay,Nishan,Velupillay,Australia,AUS,D,3,FWD,4.4
2007,,Tete Yengi,Tete,Yengi,Australia,AUS,D,3,FWD,4.3
74,,Mathew Ryan,Mathew,Ryan,Australia,AUS,D,3,GK,4.1
75,,Paul Izzo,Paul,Izzo,Australia,AUS,D,3,GK,3.6
76,,Patrick Beach,Patrick,Beach,Australia,AUS,D,3,GK,3.5
2050,,Cristian Volpato,Cristian,Volpato,Australia,AUS,D,3,MID,6
83,,Ajdin Hrustic,Ajdin,Hrustic,Australia,AUS,D,3,MID,5.7
2004,,Jackson Irvine,Jackson,Irvine,Australia,AUS,D,3,MID,5.6
82,,Awer Mabil,Awer,Mabil,Australia,AUS,D,3,MID,5.6
81,,Aiden O'Neill,Aiden,O'Neill,Australia,AUS,D,3,MID,5.4
80,,Connor Metcalfe,Connor,Metcalfe,Australia,AUS,D,3,MID,5.3
2003,,Cameron Devlin,Cameron,Devlin,Australia,AUS,D,3,MID,4.7
2005,,Mathew Leckie,Mathew,Leckie,Australia,AUS,D,3,MID,4.7
77,,Paul Okon,Paul,Okon,Australia,AUS,D,3,MID,4.7
893,,Gustavo Gómez,Gustavo,Gómez,Paraguay,PAR,D,34,DEF,4.6
894,,Júnior Alonso,Júnior,Alonso,Paraguay,PAR,D,34,DEF,4.1
895,,Omar Alderete,Omar,Alderete,Paraguay,PAR,D,34,DEF,4.1
896,,Fabián Balbuena,Fabián,Balbuena,Paraguay,PAR,D,34,DEF,4
899,,Juan José Cáceres,Juan José,Cáceres,Paraguay,PAR,D,34,DEF,3.8
898,,Gustavo Velázquez,Gustavo,Velázquez,Paraguay,PAR,D,34,DEF,3.8
900,,José Canale,José,Canale,Paraguay,PAR,D,34,DEF,3.6
902,,Antonio Sanabria,Antonio,Sanabria,Paraguay,PAR,D,34,FWD,6.5
1688,,Isidro Pitta,Isidro,Pitta,Paraguay,PAR,D,34,FWD,5.9
903,,Ramón Sosa,Ramón,Sosa,Paraguay,PAR,D,34,FWD,5.3
904,,Álex Arce,Álex,Arce,Paraguay,PAR,D,34,FWD,4.9
905,,Gabriel Ávalos,Gabriel,Ávalos,Paraguay,PAR,D,34,FWD,4.9
906,,Gustavo Caballero,Gustavo,Caballero,Paraguay,PAR,D,34,FWD,4.2
907,,Alexandro Maidana,Alexandro,Maidana,Paraguay,PAR,D,34,FWD,4
908,,Roberto Fernández,Roberto,Fernández,Paraguay,PAR,D,34,GK,4
909,,Gastón Olveira,Gastón,Olveira,Paraguay,PAR,D,34,GK,3.8
910,,Orlando Gill,Orlando,Gill,Paraguay,PAR,D,34,GK,3.5
913,,Diego Gómez,Diego,Gómez,Paraguay,PAR,D,34,MID,6.8
912,,Julio Enciso,Julio,Enciso,Paraguay,PAR,D,34,MID,6.6
901,,Miguel Almirón,Miguel,Almirón,Paraguay,PAR,D,34,MID,6
892,,Braian Ojeda,Braian,Ojeda,Paraguay,PAR,D,34,MID,5.6
911,,Damián Bobadilla,Damián,Bobadilla,Paraguay,PAR,D,34,MID,5.5
890,,Matías Galarza,Matías,Galarza,Paraguay,PAR,D,34,MID,4.8
1616,,Andrés Cubas,Andrés,Cubas,Paraguay,PAR,D,34,MID,4.7
889,,Alejandro Romero,Alejandro,Romero,Paraguay,PAR,D,34,MID,4.7
888,,Maurício Magalhães Prado,Maurício,Magalhães Prado,Paraguay,PAR,D,34,MID,4.6
1193,,Kaan Ayhan,Kaan,Ayhan,Türkiye,TUR,D,45,DEF,4.5
1586,,Çaglar Söyüncü,Çaglar,Söyüncü,Türkiye,TUR,D,45,DEF,4.4
1195,,Ferdi Kadioglu,Ferdi,Kadioglu,Türkiye,TUR,D,45,DEF,4.3
1194,,Zeki Çelik,Zeki,Çelik,Türkiye,TUR,D,45,DEF,4.3
1196,,Samet Akaydin,Samet,Akaydin,Türkiye,TUR,D,45,DEF,4.1
1197,,Mert Müldür,Mert,Müldür,Türkiye,TUR,D,45,DEF,4.1
1198,,Ozan Kabak,Ozan,Kabak,Türkiye,TUR,D,45,DEF,4
1199,,Eren Elmali,Eren,Elmali,Türkiye,TUR,D,45,DEF,4
1200,,Abdülkerim Bardakci,Abdülkerim,Bardakci,Türkiye,TUR,D,45,DEF,4
1201,,Merih Demiral,Merih,Demiral,Türkiye,TUR,D,45,DEF,4
1205,,Kerem Aktürkoglu,Kerem,Aktürkoglu,Türkiye,TUR,D,45,FWD,6.2
1206,,Baris Alper Yilmaz,Baris Alper,Yilmaz,Türkiye,TUR,D,45,FWD,6.1
1208,,Oguz Aydin,Oguz,Aydin,Türkiye,TUR,D,45,FWD,5
1209,,Yunus Akgün,Yunus,Akgün,Türkiye,TUR,D,45,FWD,4.9
1210,,Deniz Gül,Deniz,Gül,Türkiye,TUR,D,45,FWD,4.4
1211,,Ugurcan Çakir,Ugurcan,Çakir,Türkiye,TUR,D,45,GK,4.2
1213,,Mert Günok,Mert,Günok,Türkiye,TUR,D,45,GK,4
1212,,Altay Bayindir,Altay,Bayindir,Türkiye,TUR,D,45,GK,4
1216,,Hakan Çalhanoglu,Hakan,Çalhanoglu,Türkiye,TUR,D,45,MID,7.1
1215,,Arda Güler,Arda,Güler,Türkiye,TUR,D,45,MID,7
1204,,Kenan Yildiz,Kenan,Yildiz,Türkiye,TUR,D,45,MID,7
1192,,Orkun Kökçü,Orkun,Kökçü,Türkiye,TUR,D,45,MID,6
1191,,Irfan Can Kahveci,Irfan Can,Kahveci,Türkiye,TUR,D,45,MID,5.9
1589,,Can Uzun,Can,Uzun,Türkiye,TUR,D,45,MID,5.3
1189,,Salih Özcan,Salih,Özcan,Türkiye,TUR,D,45,MID,4.7
1188,,Ismail Yüksek,Ismail,Yüksek,Türkiye,TUR,D,45,MID,4.6
1258,,Antonee Robinson,Antonee,Robinson,USA,USA,D,47,DEF,5
2031,,Sergiño Dest,Sergiño,Dest,USA,USA,D,47,DEF,4.3
1259,,Chris Richards,Chris,Richards,USA,USA,D,47,DEF,4.1
1260,,Joe Scally,Joe,Scally,USA,USA,D,47,DEF,4.1
2032,,Miles Robinson,Miles,Robinson,USA,USA,D,47,DEF,4
1264,,Alexander Freeman,Alexander,Freeman,USA,USA,D,47,DEF,4
1261,,Tim Ream,Tim,Ream,USA,USA,D,47,DEF,3.9
1262,,Mark McKenzie,Mark,McKenzie,USA,USA,D,47,DEF,3.9
1263,,Auston Trusty,Auston,Trusty,USA,USA,D,47,DEF,3.9
1267,,Folarin Balogun,Folarin,Balogun,USA,USA,D,47,FWD,6
1266,,Ricardo Pepi,Ricardo,Pepi,USA,USA,D,47,FWD,5.9
2034,,Haji Wright,Haji,Wright,USA,USA,D,47,FWD,5.3
1269,,Max Arfsten,Max,Arfsten,USA,USA,D,47,FWD,4.4
1271,,Matt Freese,Matt,Freese,USA,USA,D,47,GK,4.2
1270,,Matt Turner,Matt,Turner,USA,USA,D,47,GK,4
1273,,Chris Brady,Chris,Brady,USA,USA,D,47,GK,3.5
1274,,Christian Pulisic,Christian,Pulisic,USA,USA,D,47,MID,7
1254,,Malik Tillman,Malik,Tillman,USA,USA,D,47,MID,6.1
1255,,Weston McKennie,Weston,McKennie,USA,USA,D,47,MID,6.1
1265,,Timothy Weah,Timothy,Weah,USA,USA,D,47,MID,5.8
1253,,Brenden Aaronson,Brenden,Aaronson,USA,USA,D,47,MID,5.7
2035,,Álex Zendejas,Álex,Zendejas,USA,USA,D,47,MID,5.5
1256,,Giovanni Reyna,Giovanni,Reyna,USA,USA,D,47,MID,5.5
2033,,Tyler Adams,Tyler,Adams,USA,USA,D,47,MID,5.3
1250,,Sebastian Berhalter,Sebastian,Berhalter,USA,USA,D,47,MID,4.7
1249,,Cristian Roldan,Cristian,Roldan,USA,USA,D,47,MID,4.7
360,,Livano Comenencia,Livano,Comenencia,Curaçao,CUW,E,14,DEF,4.5
352,,Leandro Bacuna,Leandro,Bacuna,Curaçao,CUW,E,14,DEF,4
353,,Riechedly Bazoer,Riechedly,Bazoer,Curaçao,CUW,E,14,DEF,3.8
1559,,Deveron Fonville,Deveron,Fonville,Curaçao,CUW,E,14,DEF,3.7
1558,,Armando Obispo,Armando,Obispo,Curaçao,CUW,E,14,DEF,3.7
354,,Joshua Brenet,Joshua,Brenet,Curaçao,CUW,E,14,DEF,3.7
355,,Shurandy Sambo,Shurandy,Sambo,Curaçao,CUW,E,14,DEF,3.6
356,,Sherel Floranus,Sherel,Floranus,Curaçao,CUW,E,14,DEF,3.6
357,,Roshon van Eijma,Roshon,van Eijma,Curaçao,CUW,E,14,DEF,3.5
358,,Ar'Jany Martha,Ar'Jany,Martha,Curaçao,CUW,E,14,DEF,3.5
359,,Juriën Gaari,Juriën,Gaari,Curaçao,CUW,E,14,DEF,3.5
361,,Tyrese Noslin,Tyrese,Noslin,Curaçao,CUW,E,14,DEF,3.5
363,,Sontje Hansen,Sontje,Hansen,Curaçao,CUW,E,14,FWD,4.4
362,,Brandley Kuwas,Brandley,Kuwas,Curaçao,CUW,E,14,FWD,4.4
364,,Kenji Gorré,Kenji,Gorré,Curaçao,CUW,E,14,FWD,4.2
365,,Jearl Margaritha,Jearl,Margaritha,Curaçao,CUW,E,14,FWD,4.2
1560,,Jürgen Locadia,Jürgen,Locadia,Curaçao,CUW,E,14,FWD,4.1
366,,Gervane Kastaneer,Gervane,Kastaneer,Curaçao,CUW,E,14,FWD,4
367,,Jeremy Antonisse,Jeremy,Antonisse,Curaçao,CUW,E,14,FWD,4
368,,Eloy Room,Eloy,Room,Curaçao,CUW,E,14,GK,3.9
369,,Trevor Doornbusch,Trevor,Doornbusch,Curaçao,CUW,E,14,GK,3.6
370,,Tyrick Bodak,Tyrick,Bodak,Curaçao,CUW,E,14,GK,3.5
372,,Juninho Bacuna,Juninho,Bacuna,Curaçao,CUW,E,14,MID,5.1
351,,Godfried Roemeratoe,Godfried,Roemeratoe,Curaçao,CUW,E,14,MID,4.7
371,,Kevin Felida,Kevin,Felida,Curaçao,CUW,E,14,MID,4.5
350,,Tahith Chong,Tahith,Chong,Curaçao,CUW,E,14,MID,4.2
299,,Evan Ndicka,Evan,Ndicka,Côte d'Ivoire,CIV,E,12,DEF,4.4
300,,Wilfried Singo,Wilfried,Singo,Côte d'Ivoire,CIV,E,12,DEF,4.4
301,,Ousmane Diomande,Ousmane,Diomande,Côte d'Ivoire,CIV,E,12,DEF,4.3
302,,Odilon Kossounou,Odilon,Kossounou,Côte d'Ivoire,CIV,E,12,DEF,4.3
2051,,Christopher Opéri,Christopher,Opéri,Côte d'Ivoire,CIV,E,12,DEF,4
305,,Ghislain Konan,Ghislain,Konan,Côte d'Ivoire,CIV,E,12,DEF,4
303,,Guéla Doué,Guéla,Doué,Côte d'Ivoire,CIV,E,12,DEF,3.9
304,,Emmanuel Agbadou,Emmanuel,Agbadou,Côte d'Ivoire,CIV,E,12,DEF,3.9
310,,Amad Diallo,Amad,Diallo,Côte d'Ivoire,CIV,E,12,FWD,5.9
307,,Yan Diomande,Yan,Diomande,Côte d'Ivoire,CIV,E,12,FWD,5.9
308,,Nicolas Pépé,Nicolas,Pépé,Côte d'Ivoire,CIV,E,12,FWD,5.9
309,,Elye Wahi,Elye,Wahi,Côte d'Ivoire,CIV,E,12,FWD,5.9
311,,Simon Adingra,Simon,Adingra,Côte d'Ivoire,CIV,E,12,FWD,5.6
1533,,Oumar Diakité,Oumar,Diakité,Côte d'Ivoire,CIV,E,12,FWD,5.3
312,,Evann Guessand,Evann,Guessand,Côte d'Ivoire,CIV,E,12,FWD,5.3
1534,,Ange-Yoan Bonny,Ange-Yoan,Bonny,Côte d'Ivoire,CIV,E,12,FWD,4.9
314,,Bazoumana Touré,Bazoumana,Touré,Côte d'Ivoire,CIV,E,12,FWD,4.5
317,,Yahia Fofana,Yahia,Fofana,Côte d'Ivoire,CIV,E,12,GK,4.2
316,,Alban Lafont,Alban,Lafont,Côte d'Ivoire,CIV,E,12,GK,4.1
318,,Mohamed Koné,Mohamed,Koné,Côte d'Ivoire,CIV,E,12,GK,3.7
323,,Seko Fofana,Seko,Fofana,Côte d'Ivoire,CIV,E,12,MID,6.8
322,,Franck Kessie,Franck,Kessie,Côte d'Ivoire,CIV,E,12,MID,5.9
321,,Ibrahim Sangaré,Ibrahim,Sangaré,Côte d'Ivoire,CIV,E,12,MID,5.8
320,,Jean Michaël Seri,Jean Michaël,Seri,Côte d'Ivoire,CIV,E,12,MID,5.5
319,,Parfait Guiagon,Parfait,Guiagon,Côte d'Ivoire,CIV,E,12,MID,4.9
298,,Christ Inao Oulaï,Christ,Inao Oulaï,Côte d'Ivoire,CIV,E,12,MID,4.6
400,,Pervis Estupiñán,Pervis,Estupiñán,Ecuador,ECU,E,16,DEF,4.8
2052,,Piero Hincapié,Piero,Hincapié,Ecuador,ECU,E,16,DEF,4.7
2053,,Willian Pacho,Willian,Pacho,Ecuador,ECU,E,16,DEF,4.4
403,,Ángelo Preciado,Ángelo,Preciado,Ecuador,ECU,E,16,DEF,4.3
404,,Joel Ordóñez,Joel,Ordóñez,Ecuador,ECU,E,16,DEF,3.9
405,,Félix Torres,Félix,Torres,Ecuador,ECU,E,16,DEF,3.9
407,,Jackson Porozo,Jackson,Porozo,Ecuador,ECU,E,16,DEF,3.8
411,,Yaimar Medina,Yaimar,Medina,Ecuador,ECU,E,16,DEF,3.5
412,,Enner Valencia,Enner,Valencia,Ecuador,ECU,E,16,FWD,5.9
413,,Gonzalo Plata,Gonzalo,Plata,Ecuador,ECU,E,16,FWD,5.6
417,,Jordy Caicedo,Jordy,Caicedo,Ecuador,ECU,E,16,FWD,4.9
416,,Alan Minda,Alan,Minda,Ecuador,ECU,E,16,FWD,4.9
415,,Kevin Rodríguez,Kevin,Rodríguez,Ecuador,ECU,E,16,FWD,4.9
421,,Jeremy Arévalo,Jeremy,Arévalo,Ecuador,ECU,E,16,FWD,4
423,,Hernán Galíndez,Hernán,Galíndez,Ecuador,ECU,E,16,GK,4.2
424,,Moisés Ramírez,Moisés,Ramírez,Ecuador,ECU,E,16,GK,3.9
425,,Gonzalo Valle,Gonzalo,Valle,Ecuador,ECU,E,16,GK,3.6
430,,Moisés Caicedo,Moisés,Caicedo,Ecuador,ECU,E,16,MID,6.8
1947,,Nilson Angulo,Nilson,Angulo,Ecuador,ECU,E,16,MID,6
428,,Alan Franco,Alan,Franco,Ecuador,ECU,E,16,MID,5.6
427,,Kendry Páez,Kendry,Páez,Ecuador,ECU,E,16,MID,5.2
429,,Pedro Vite,Pedro,Vite,Ecuador,ECU,E,16,MID,5.2
414,,John Yeboah,John,Yeboah,Ecuador,ECU,E,16,MID,5.1
398,,Denil Castillo,Denil,Castillo,Ecuador,ECU,E,16,MID,4.9
399,,Jordy Alcívar,Jordy,Alcívar,Ecuador,ECU,E,16,MID,4.9
420,,Anthony Valencia,Anthony,Valencia,Ecuador,ECU,E,16,MID,4.2
520,,Antonio Rüdiger,Antonio,Rüdiger,Germany,GER,E,20,DEF,5.5
542,,Joshua Kimmich,Joshua,Kimmich,Germany,GER,E,20,DEF,5.5
523,,Jonathan Tah,Jonathan,Tah,Germany,GER,E,20,DEF,5.3
526,,Nico Schlotterbeck,Nico,Schlotterbeck,Germany,GER,E,20,DEF,5.3
521,,David Raum,David,Raum,Germany,GER,E,20,DEF,4.9
525,,Nathaniel Brown,Nathaniel,Brown,Germany,GER,E,20,DEF,4.7
522,,Malick Thiaw,Malick,Thiaw,Germany,GER,E,20,DEF,4.7
527,,Waldemar Anton,Waldemar,Anton,Germany,GER,E,20,DEF,3.9
528,,Kai Havertz,Kai,Havertz,Germany,GER,E,20,FWD,7.8
532,,Nick Woltemade,Nick,Woltemade,Germany,GER,E,20,FWD,7.2
531,,Deniz Undav,Deniz,Undav,Germany,GER,E,20,FWD,6.6
1604,,Maximilian Beier,Maximilian,Beier,Germany,GER,E,20,FWD,6.5
1598,,Manuel Neuer,Manuel,Neuer,Germany,GER,E,20,GK,5
533,,Alexander Nübel,Alexander,Nübel,Germany,GER,E,20,GK,4.7
534,,Oliver Baumann,Oliver,Baumann,Germany,GER,E,20,GK,4.3
1600,,Jamal Musiala,Jamal,Musiala,Germany,GER,E,20,MID,8
543,,Florian Wirtz,Florian,Wirtz,Germany,GER,E,20,MID,7.5
529,,Leroy Sané,Leroy,Sané,Germany,GER,E,20,MID,7.4
1603,,Jamie Leweling,Jamie,Leweling,Germany,GER,E,20,MID,6.4
1599,,Nadiem Amiri,Nadiem,Amiri,Germany,GER,E,20,MID,6.3
540,,Leon Goretzka,Leon,Goretzka,Germany,GER,E,20,MID,6.1
519,,Angelo Stiller,Angelo,Stiller,Germany,GER,E,20,MID,5.8
1601,,Felix Nmecha,Felix,Nmecha,Germany,GER,E,20,MID,5.6
538,,Pascal Groß,Pascal,Groß,Germany,GER,E,20,MID,5.6
1602,,Aleksandar Pavlovic,Aleksandar,Pavlovic,Germany,GER,E,20,MID,5.5
518,,Lennart Karl,Lennart,Karl,Germany,GER,E,20,MID,4.8
684,,Ritsu Doan,Ritsu,Doan,Japan,JPN,F,25,DEF,5.1
1455,,Takehiro Tomiyasu,Takehiro,Tomiyasu,Japan,JPN,F,25,DEF,4.9
1454,,Ko Itakura,Ko,Itakura,Japan,JPN,F,25,DEF,4.5
662,,Yukinari Sugawara,Yukinari,Sugawara,Japan,JPN,F,25,DEF,4.4
663,,Tsuyoshi Watanabe,Tsuyoshi,Watanabe,Japan,JPN,F,25,DEF,4.3
666,,Shogo Taniguchi,Shogo,Taniguchi,Japan,JPN,F,25,DEF,3.9
665,,Hiroki Ito,Hiroki,Ito,Japan,JPN,F,25,DEF,3.9
667,,Ayumu Seko,Ayumu,Seko,Japan,JPN,F,25,DEF,3.8
1456,,Yuto Nagatomo,Yuto,Nagatomo,Japan,JPN,F,25,DEF,3.7
668,,Junnosuke Suzuki,Junnosuke,Suzuki,Japan,JPN,F,25,DEF,3.5
672,,Ayase Ueda,Ayase,Ueda,Japan,JPN,F,25,FWD,7
673,,Koki Ogawa,Koki,Ogawa,Japan,JPN,F,25,FWD,4.9
675,,Keisuke Goto,Keisuke,Goto,Japan,JPN,F,25,FWD,4.2
676,,Kento Shiogai,Kento,Shiogai,Japan,JPN,F,25,FWD,4
677,,Zion Suzuki,Zion,Suzuki,Japan,JPN,F,25,GK,4.3
678,,Keisuke Osako,Keisuke,Osako,Japan,JPN,F,25,GK,4
679,,Tomoki Hayakawa,Tomoki,Hayakawa,Japan,JPN,F,25,GK,3.8
1458,,Takefusa Kubo,Takefusa,Kubo,Japan,JPN,F,25,MID,7
1457,,Wataru Endo,Wataru,Endo,Japan,JPN,F,25,MID,6
682,,Daichi Kamada,Daichi,Kamada,Japan,JPN,F,25,MID,5.8
671,,Keito Nakamura,Keito,Nakamura,Japan,JPN,F,25,MID,5.5
680,,Yuito Suzuki,Yuito,Suzuki,Japan,JPN,F,25,MID,5
681,,Ao Tanaka,Ao,Tanaka,Japan,JPN,F,25,MID,5
670,,Daizen Maeda,Daizen,Maeda,Japan,JPN,F,25,MID,5
669,,Junya Ito,Junya,Ito,Japan,JPN,F,25,MID,5
659,,Kaishu Sano,Kaishu,Sano,Japan,JPN,F,25,MID,4.9
795,,Denzel Dumfries,Denzel,Dumfries,Netherlands,NED,F,30,DEF,5.7
796,,Virgil van Dijk,Virgil,van Dijk,Netherlands,NED,F,30,DEF,5.5
2037,,Jurriën Timber,Jurriën,Timber,Netherlands,NED,F,30,DEF,5.2
797,,Micky van de Ven,Micky,van de Ven,Netherlands,NED,F,30,DEF,5.1
798,,Nathan Aké,Nathan,Aké,Netherlands,NED,F,30,DEF,5
802,,Jan Paul van Hecke,Jan Paul,van Hecke,Netherlands,NED,F,30,DEF,4.3
803,,Jorrel Hato,Jorrel,Hato,Netherlands,NED,F,30,DEF,4.3
804,,Cody Gakpo,Cody,Gakpo,Netherlands,NED,F,30,FWD,7.7
2043,,Memphis Depay,Memphis,Depay,Netherlands,NED,F,30,FWD,7.4
805,,Donyell Malen,Donyell,Malen,Netherlands,NED,F,30,FWD,6.1
806,,Noa Lang,Noa,Lang,Netherlands,NED,F,30,FWD,5.9
807,,Brian Brobbey,Brian,Brobbey,Netherlands,NED,F,30,FWD,5.7
808,,Wout Weghorst,Wout,Weghorst,Netherlands,NED,F,30,FWD,5.5
809,,Bart Verbruggen,Bart,Verbruggen,Netherlands,NED,F,30,GK,4.7
810,,Mark Flekken,Mark,Flekken,Netherlands,NED,F,30,GK,4.7
2036,,Robin Roefs,Robin,Roefs,Netherlands,NED,F,30,GK,4.6
2040,,Frenkie de Jong,Frenkie,de Jong,Netherlands,NED,F,30,MID,7
817,,Quinten Timber,Quinten,Timber,Netherlands,NED,F,30,MID,6.8
2042,,Justin Kluivert,Justin,Kluivert,Netherlands,NED,F,30,MID,6.5
816,,Tijjani Reijnders,Tijjani,Reijnders,Netherlands,NED,F,30,MID,6.5
814,,Teun Koopmeiners,Teun,Koopmeiners,Netherlands,NED,F,30,MID,6.2
812,,Ryan Gravenberch,Ryan,Gravenberch,Netherlands,NED,F,30,MID,6.1
2044,,Crysencio Summerville,Crysencio,Summerville,Netherlands,NED,F,30,MID,5.3
2041,,Marten de Roon,Marten,de Roon,Netherlands,NED,F,30,MID,5.1
2038,,Guus Til,Guus,Til,Netherlands,NED,F,30,MID,4.9
2039,,Mats Wieffer,Mats,Wieffer,Netherlands,NED,F,30,MID,4.8
1118,,Daniel Svensson,Daniel,Svensson,Sweden,SWE,F,42,DEF,4.5
1119,,Gabriel Gudmundsson,Gabriel,Gudmundsson,Sweden,SWE,F,42,DEF,4.2
1120,,Carl Starfelt,Carl,Starfelt,Sweden,SWE,F,42,DEF,4.1
1518,,Isak Hien,Isak,Hien,Sweden,SWE,F,42,DEF,4.1
1121,,Victor Lindelöf,Victor,Lindelöf,Sweden,SWE,F,42,DEF,4
1516,,Hjalmar Ekdal,Hjalmar,Ekdal,Sweden,SWE,F,42,DEF,3.7
1122,,Gustaf Lagerbielke,Gustaf,Lagerbielke,Sweden,SWE,F,42,DEF,3.7
1520,,Alexander Isak,Alexander,Isak,Sweden,SWE,F,42,FWD,8
1124,,Viktor Gyökeres,Viktor,Gyökeres,Sweden,SWE,F,42,FWD,7.8
1125,,Anthony Elanga,Anthony,Elanga,Sweden,SWE,F,42,FWD,5.8
1127,,Gustaf Nilsson,Gustaf,Nilsson,Sweden,SWE,F,42,FWD,4.9
1126,,Benjamin Nygren,Benjamin,Nygren,Sweden,SWE,F,42,FWD,4.9
1521,,Alexander Bernhardsson,Alexander,Bernhardsson,Sweden,SWE,F,42,FWD,4.9
1129,,Kristoffer Nordfeldt,Kristoffer,Nordfeldt,Sweden,SWE,F,42,GK,3.9
1514,,Viktor Johansson,Viktor,Johansson,Sweden,SWE,F,42,GK,3.9
1515,,Jacob Widell Zetterström,Jacob,Widell Zetterström,Sweden,SWE,F,42,GK,3.7
1117,,Mattias Svanberg,Mattias,Svanberg,Sweden,SWE,F,42,MID,6.1
1519,,Ken Sema,Ken,Sema,Sweden,SWE,F,42,MID,6
1116,,Jesper Karlström,Jesper,Karlström,Sweden,SWE,F,42,MID,5.6
1114,,Yasin Ayari,Yasin,Ayari,Sweden,SWE,F,42,MID,5.3
1113,,Lucas Bergvall,Lucas,Bergvall,Sweden,SWE,F,42,MID,5.1
1111,,Taha Ali,Taha,Ali,Sweden,SWE,F,42,MID,4.9
1112,,Eric Smith,Eric,Smith,Sweden,SWE,F,42,MID,4.9
1109,,Besfort Zeneli,Besfort,Zeneli,Sweden,SWE,F,42,MID,4.7
1110,,Elliot Stroud,Elliot,Stroud,Sweden,SWE,F,42,MID,4.7
2062,,Herman Johansson,Herman,Johansson,Sweden,SWE,F,42,MID,4.4
1165,,Moutaz Neffati,Moutaz,Neffati,Tunisia,TUN,F,44,DEF,4.1
1166,,Ali Abdi,Ali,Abdi,Tunisia,TUN,F,44,DEF,4.1
1553,,Yan Valery,Yan,Valery,Tunisia,TUN,F,44,DEF,3.9
1551,,Montassar Talbi,Montassar,Talbi,Tunisia,TUN,F,44,DEF,3.9
1167,,Omar Rekik,Omar,Rekik,Tunisia,TUN,F,44,DEF,3.8
1169,,Adem Arous,Adem,Arous,Tunisia,TUN,F,44,DEF,3.6
1170,,Mohamed Amine Ben Hmida,Mohamed Amine,Ben Hmida,Tunisia,TUN,F,44,DEF,3.6
1552,,Dylan Bronn,Dylan,Bronn,Tunisia,TUN,F,44,DEF,3.6
1172,,Raed Chikhaoui,Raed,Chikhaoui,Tunisia,TUN,F,44,DEF,3.5
1174,,Ismaël Gharbi,Ismaël,Gharbi,Tunisia,TUN,F,44,FWD,4.6
1175,,Elias Saad,Elias,Saad,Tunisia,TUN,F,44,FWD,4.5
1177,,Sebastian Tounekti,Sebastian,Tounekti,Tunisia,TUN,F,44,FWD,4.4
1176,,Firas Chaouat,Firas,Chaouat,Tunisia,TUN,F,44,FWD,4.4
1178,,Hazem Mastouri,Hazem,Mastouri,Tunisia,TUN,F,44,FWD,4.2
1181,,Rayan Elloumi,Rayan,Elloumi,Tunisia,TUN,F,44,FWD,4
1183,,Khalil Ayari,Khalil,Ayari,Tunisia,TUN,F,44,FWD,4
1184,,Abdelmouhib Chamakh,Abdelmouhib,Chamakh,Tunisia,TUN,F,44,GK,4.1
1185,,Aymen Dahmen,Aymen,Dahmen,Tunisia,TUN,F,44,GK,3.9
1187,,Sabri Ben Hessen,Sabri,Ben Hessen,Tunisia,TUN,F,44,GK,3.5
1164,,Anis Ben Slimane,Anis,Ben Slimane,Tunisia,TUN,F,44,MID,5.3
1163,,Mortadha Ben Ouanes,Mortadha,Ben Ouanes,Tunisia,TUN,F,44,MID,5
1162,,Hadj Mahmoud,Hadj,Mahmoud,Tunisia,TUN,F,44,MID,4.9
1554,,Elias Achouri,Elias,Achouri,Tunisia,TUN,F,44,MID,4.8
1555,,Hannibal Mejbri,Hannibal,Mejbri,Tunisia,TUN,F,44,MID,4.8
1160,,Ellyes Skhiri,Ellyes,Skhiri,Tunisia,TUN,F,44,MID,4.7
1161,,Rani Khedira,Rani,Khedira,Tunisia,TUN,F,44,MID,4.7
117,,Thomas Meunier,Thomas,Meunier,Belgium,BEL,G,5,DEF,4.8
115,,Timothy Castagne,Timothy,Castagne,Belgium,BEL,G,5,DEF,4.7
114,,Maxim De Cuyper,Maxim,De Cuyper,Belgium,BEL,G,5,DEF,4.7
116,,Arthur Theate,Arthur,Theate,Belgium,BEL,G,5,DEF,4.5
118,,Zeno Debast,Zeno,Debast,Belgium,BEL,G,5,DEF,4.3
120,,Koni De Winter,Koni,De Winter,Belgium,BEL,G,5,DEF,4.2
121,,Brandon Mechele,Brandon,Mechele,Belgium,BEL,G,5,DEF,3.9
122,,Joaquin Seys,Joaquin,Seys,Belgium,BEL,G,5,DEF,3.9
123,,Nathan Ngoy,Nathan,Ngoy,Belgium,BEL,G,5,DEF,3.7
124,,Romelu Lukaku,Romelu,Lukaku,Belgium,BEL,G,5,FWD,7.4
127,,Dodi Lukébakio,Dodi,Lukébakio,Belgium,BEL,G,5,FWD,5.9
1525,,Matias Fernandez-Pardo,Matias,Fernandez-Pardo,Belgium,BEL,G,5,FWD,5.6
1522,,Thibaut Courtois,Thibaut,Courtois,Belgium,BEL,G,5,GK,4.9
132,,Senne Lammens,Senne,Lammens,Belgium,BEL,G,5,GK,4.6
1523,,Mike Penders,Mike,Penders,Belgium,BEL,G,5,GK,3.5
125,,Jérémy Doku,Jérémy,Doku,Belgium,BEL,G,5,MID,7.5
138,,Kevin De Bruyne,Kevin,De Bruyne,Belgium,BEL,G,5,MID,7.5
1526,,Leandro Trossard,Leandro,Trossard,Belgium,BEL,G,5,MID,6.6
137,,Youri Tielemans,Youri,Tielemans,Belgium,BEL,G,5,MID,6.1
136,,Amadou Onana,Amadou,Onana,Belgium,BEL,G,5,MID,5.9
128,,Alexis Saelemaekers,Alexis,Saelemaekers,Belgium,BEL,G,5,MID,5.7
129,,Charles De Ketelaere,Charles,De Ketelaere,Belgium,BEL,G,5,MID,5.6
1524,,Hans Vanaken,Hans,Vanaken,Belgium,BEL,G,5,MID,5.5
135,,Nicolas Raskin,Nicolas,Raskin,Belgium,BEL,G,5,MID,5.3
119,,Axel Witsel,Axel,Witsel,Belgium,BEL,G,5,MID,5
1527,,Diego Moreira,Diego,Moreira,Belgium,BEL,G,5,MID,4.7
437,,Mohamed Abdelmonem,Mohamed Abdelmonem El Sayed,Mohamed Ahmed,Egypt,EGY,G,17,DEF,4
438,,Ahmed Fatouh,Ahmed Mohamed Abou El Fotouh,Mohamed,Egypt,EGY,G,17,DEF,3.9
1592,,Karim Hafez,Karim Hafez,Ramadan Seif El Din,Egypt,EGY,G,17,DEF,3.9
440,,Ramy Rabia,Ramy Hisham Abdel Aziz Mostafa,Rabia,Egypt,EGY,G,17,DEF,3.6
439,,Mohamed Hany,Mohamed Hany Gamal,El Demerdash,Egypt,EGY,G,17,DEF,3.6
441,,Hossam Abdelmaguid,Hossam Abdelmaguid Abdelsalam,Abdelmaguid,Egypt,EGY,G,17,DEF,3.6
442,,Tarek Alaa,Tarek Alaa,El Gebaly,Egypt,EGY,G,17,DEF,3.5
444,,Yasser Ibrahim,Yasser Ahmed Ibrahim,El Hanafi,Egypt,EGY,G,17,DEF,3.5
445,,Omar Marmoush,Omar Khaled Mohamed Abdelsalam,Marmoush,Egypt,EGY,G,17,FWD,7.8
447,,Trezeguet,Mahmoud Ahmed Ibrahim,Hassan,Egypt,EGY,G,17,FWD,5.6
448,,Haissem Hassan,Haissem,Hassan,Egypt,EGY,G,17,FWD,4.6
1596,,Hamza Abdelkarim,Hamza Mohamed Abdelkarim Elsayed,Selim,Egypt,EGY,G,17,FWD,4.3
452,,El Mahdy Soliman,El Mahdy Mohamed Soliman,Ibrahim,Egypt,EGY,G,17,GK,3.6
451,,Mohamed El Shenawy,Mohamed El Sayed Mohamed,El Shenawy Gomaa,Egypt,EGY,G,17,GK,3.6
453,,Mostafa Shobeir,Mostafa Ahmed Abdelaziz,Mohamed Shobeir,Egypt,EGY,G,17,GK,3.5
454,,Mohamed Alaa,Mohamed,Alaa,Egypt,EGY,G,17,GK,3.5
1597,,Mohamed Salah,Mohamed,Salah Hamed Mahrous Ghaly,Egypt,EGY,G,17,MID,10
456,,Ibrahim Adel,Ibrahim Adel Ali Mohamed,Hassan,Egypt,EGY,G,17,MID,5.9
455,,Mohanad Lasheen,Mohanad Mostafa,Ahmed Abdelmonem Lasheen,Egypt,EGY,G,17,MID,5.3
436,,Mahmoud Saber,Mahmoud Saber Abdelmohsen,Hassan,Egypt,EGY,G,17,MID,4.9
435,,Emam Ashour,Emam Ashour Metwally,Abdel Ghany,Egypt,EGY,G,17,MID,4.6
434,,Hamdi Fathy,Hamdi Fathy Abdelhalim,Abdel Fattah,Egypt,EGY,G,17,MID,4.4
1593,,Nabil Emad Dunga,Nabil Emad,Aly El Mahdy,Egypt,EGY,G,17,MID,4.3
433,,Zizo,Ahmed Mostafa Mohamed,Sayed,Egypt,EGY,G,17,MID,4.3
432,,Marwan Attia,Marwan Attia Fahim,Ghallab,Egypt,EGY,G,17,MID,4.3
1594,,Mostafa Zico,Mostafa Mohamed,Zaki Abdelraouf,Egypt,EGY,G,17,MID,4.2
597,,Ramin Rezaeian,Ramin,Rezaeian,IR Iran,IRN,G,23,DEF,4
598,,Hossein Kanani,Hossein,Kanani,IR Iran,IRN,G,23,DEF,3.9
599,,Milad Mohammadi,Milad,Mohammadi,IR Iran,IRN,G,23,DEF,3.8
600,,Shoja Khalilzadeh,Shoja,Khalilzadeh,IR Iran,IRN,G,23,DEF,3.8
601,,Ehsan Hajisafi,Ehsan,Hajisafi,IR Iran,IRN,G,23,DEF,3.7
603,,Saleh Hardani,Saleh,Hardani,IR Iran,IRN,G,23,DEF,3.7
608,,Aria Yousefi,Aria,Yousefi,IR Iran,IRN,G,23,DEF,3.5
609,,Danial Eiri,Danial,Eiri,IR Iran,IRN,G,23,DEF,3.5
606,,Ali Nemati,Ali,Nemati,IR Iran,IRN,G,23,DEF,3.5
610,,Mehdi Taremi,Mehdi,Taremi,IR Iran,IRN,G,23,FWD,6.1
611,,Alireza Jahanbakhsh,Alireza,Jahanbakhsh,IR Iran,IRN,G,23,FWD,5.3
612,,Saman Ghoddos,Saman,Ghoddos,IR Iran,IRN,G,23,FWD,4.9
2069,,Shahriyar Moghanlou,Shahriyar,Moghanlou,IR Iran,IRN,G,23,FWD,4.7
615,,Dennis Dargahi,Dennis,Dargahi,IR Iran,IRN,G,23,FWD,4.6
614,,Ali Alipour,Ali,Alipour,IR Iran,IRN,G,23,FWD,4.6
616,,Amirhossein Hosseinzadeh,Amirhossein,Hosseinzadeh,IR Iran,IRN,G,23,FWD,4.5
620,,Alireza Beiranvand,Alireza,Beiranvand,IR Iran,IRN,G,23,GK,4.2
621,,Payam Niazmand,Payam,Niazmand,IR Iran,IRN,G,23,GK,3.9
622,,Hossein Hosseini,Hossein,Hosseini,IR Iran,IRN,G,23,GK,3.8
629,,Mehdi Ghayedi,Mehdi,Ghayedi,IR Iran,IRN,G,23,MID,5.9
627,,Mohammad Mohebi,Mohammad,Mohebi,IR Iran,IRN,G,23,MID,5.9
625,,Mehdi Torabi,Mehdi,Torabi,IR Iran,IRN,G,23,MID,5.6
626,,Saeid Ezatolahi,Saeid,Ezatolahi,IR Iran,IRN,G,23,MID,5.6
596,,Mohammad Ghorbani,Mohammad,Ghorbani,IR Iran,IRN,G,23,MID,5.1
1561,,Roozbeh Cheshmi,Roozbeh,Cheshmi,IR Iran,IRN,G,23,MID,4.8
594,,Amir Mohammad Razzaghinia,Amir Mohammad,Razzaghinia,IR Iran,IRN,G,23,MID,4.2
1489,,Liberato Cacace,Liberato,Cacace,New Zealand,NZL,G,31,DEF,4.1
1488,,Michael Boxall,Michael,Boxall,New Zealand,NZL,G,31,DEF,3.7
1490,,Nando Pijnaker,Nando,Pijnaker,New Zealand,NZL,G,31,DEF,3.7
1491,,Tommy Smith,Tommy,Smith,New Zealand,NZL,G,31,DEF,3.6
827,,Tim Payne,Tim,Payne,New Zealand,NZL,G,31,DEF,3.6
825,,Tyler Bindon,Tyler,Bindon,New Zealand,NZL,G,31,DEF,3.6
826,,Francis de Vries,Francis,de Vries,New Zealand,NZL,G,31,DEF,3.6
830,,Finn Surman,Finn,Surman,New Zealand,NZL,G,31,DEF,3.5
829,,Callan Elliot,Callan,Elliot,New Zealand,NZL,G,31,DEF,3.5
1493,,Chris Wood,Chris,Wood,New Zealand,NZL,G,31,FWD,6.5
1492,,Matthew Garbett,Matthew,Garbett,New Zealand,NZL,G,31,FWD,5
831,,Kosta Barbarouses,Kosta,Barbarouses,New Zealand,NZL,G,31,FWD,4.4
833,,Ben Waine,Ben,Waine,New Zealand,NZL,G,31,FWD,4.2
834,,Ben Old,Ben,Old,New Zealand,NZL,G,31,FWD,4.2
835,,Jesse Randall,Jesse,Randall,New Zealand,NZL,G,31,FWD,4
838,,Max Crocombe,Max,Crocombe,New Zealand,NZL,G,31,GK,3.9
839,,Alex Paulsen,Alex,Paulsen,New Zealand,NZL,G,31,GK,3.8
840,,Michael Woud,Michael,Woud,New Zealand,NZL,G,31,GK,3.7
823,,Marko Stamenic,Marko,Stamenic,New Zealand,NZL,G,31,MID,5.6
822,,Ryan Thomas,Ryan,Thomas,New Zealand,NZL,G,31,MID,5.3
1494,,Sarpreet Singh,Sarpreet,Singh,New Zealand,NZL,G,31,MID,5.3
821,,Joe Bell,Joe,Bell,New Zealand,NZL,G,31,MID,5.1
820,,Alex Rufer,Alex,Rufer,New Zealand,NZL,G,31,MID,4.9
818,,Callum McCowatt,Callum,McCowatt,New Zealand,NZL,G,31,MID,4.7
832,,Elijah Just,Elijah,Just,New Zealand,NZL,G,31,MID,4.2
836,,Lachlan Bayliss,Lachlan,Bayliss,New Zealand,NZL,G,31,MID,4
199,,Steven Moreira,Steven,Moreira,Cabo Verde,CPV,H,8,DEF,3.9
200,,Wagner Pina,Wagner Fabrício,Cardoso de Pina,Cabo Verde,CPV,H,8,DEF,3.8
201,,Pico,Roberto Carlos,Lopes,Cabo Verde,CPV,H,8,DEF,3.7
202,,Kelvin Pires,Kelvin Spencer,Pires,Cabo Verde,CPV,H,8,DEF,3.6
1528,,Stopira,Ianique,dos Santos Tavares,Cabo Verde,CPV,H,8,DEF,3.5
1529,,Logan Costa,Logan Evans,Costa,Cabo Verde,CPV,H,8,DEF,3.5
203,,Sidny Cabral,Sidny,Lopes Cabral,Cabo Verde,CPV,H,8,DEF,3.5
205,,Diney,Edilson Alberto,Monteiro Sanches Borges,Cabo Verde,CPV,H,8,DEF,3.5
207,,Jovane Cabral,Jovane Eduardo,Borges Cabral,Cabo Verde,CPV,H,8,FWD,4.9
208,,Dailon Livramento,Dailon,Rocha Livramento do Rosário,Cabo Verde,CPV,H,8,FWD,4.9
206,,Ryan Mendes,Ryan Isaac,Mendes da Graça,Cabo Verde,CPV,H,8,FWD,4.9
210,,Garry Rodrigues,Garry,Mendes Rodrigues,Cabo Verde,CPV,H,8,FWD,4.7
209,,Nuno da Costa,Nuno Miguel,da Costa Jóia,Cabo Verde,CPV,H,8,FWD,4.7
211,,Willy Semedo,Willy Johnson,Semedo Afonso,Cabo Verde,CPV,H,8,FWD,4.5
214,,Vozinha,Josimar José,Évora Dias,Cabo Verde,CPV,H,8,GK,3.9
215,,CJ dos Santos,Carlos Joaquim,Antunes dos Santos,Cabo Verde,CPV,H,8,GK,3.6
216,,Márcio da Rosa,Márcio Salomão,Brazão da Rosa,Cabo Verde,CPV,H,8,GK,3.5
219,,Laros Duarte,Laros Michael,d'Encarnação  Duarte,Cabo Verde,CPV,H,8,MID,5.1
1532,,Gilson Benchimol,Gilson,Benchimol Tavares,Cabo Verde,CPV,H,8,MID,5
1531,,Hélio Varela,Hélio Sandro,Oliveira Alves Varela,Cabo Verde,CPV,H,8,MID,4.9
217,,Telmo Arcanjo,Telmo Emanuel,Gomes Arcanjo,Cabo Verde,CPV,H,8,MID,4.9
218,,Deroy Duarte,Deroy,d'Encarnação Duarte,Cabo Verde,CPV,H,8,MID,4.9
196,,Yannick Semedo,Jair,Semedo Monteiro,Cabo Verde,CPV,H,8,MID,4.7
198,,Kevin Pina,Kevin Lenini,Gonçalves Pereira de Pina,Cabo Verde,CPV,H,8,MID,4.7
1530,,Jamiro Monteiro,Jamiro Gregory,Monteiro Alvarenga,Cabo Verde,CPV,H,8,MID,4.6
195,,João Paulo,João Paulo,Moreira Fernandes,Cabo Verde,CPV,H,8,MID,4.6
1951,,Hassan Al Tambakti,Hassan bin Mohammed bin Osama,Al Tambakti,Saudi Arabia,KSA,H,37,DEF,4.5
1954,,Moteb Al Harbi,Moteb bin Saad bin Salim Al Naqi,Al Harbi,Saudi Arabia,KSA,H,37,DEF,4.1
983,,Saud Abdulhamid,Saud bin Abdullah bin Salem,Abdulhamid,Saudi Arabia,KSA,H,37,DEF,4.1
1953,,Jehad Thikri,Jehad bin Abdullatif bin Ahmed,Thikri,Saudi Arabia,KSA,H,37,DEF,4
985,,Hassan Kadish,Hassan bin Kadish bin Yahya,Mahbub,Saudi Arabia,KSA,H,37,DEF,3.7
984,,Abdulelah Al Amri,Abdulelah bin Ali bin Awadh,Al Amri,Saudi Arabia,KSA,H,37,DEF,3.7
986,,Ali Majrashi,Ali bin Hassan bin Mohammed,Majrashi,Saudi Arabia,KSA,H,37,DEF,3.6
987,,Nawaf Bu Washl,Nawaf bin Meshari bin Mohammed,Bu Washl,Saudi Arabia,KSA,H,37,DEF,3.5
991,,Ali Lajami,Ali bin Mohammed bin Ali,Lajami,Saudi Arabia,KSA,H,37,DEF,3.5
992,,Feras Al Brikan,Feras bin Tariq bin Nasser,Al Brikan,Saudi Arabia,KSA,H,37,FWD,5.3
995,,Saleh Al Shehri,Saleh bin Khalid bin Mohammed,Al Shehri,Saudi Arabia,KSA,H,37,FWD,4.9
994,,Khalid Al Ghannam,Khalid bin Essa bin Mohammed,Al Ghannam,Saudi Arabia,KSA,H,37,FWD,4.9
993,,Abdullah Al Hamddan,Abdullah bin Abdulrahman bin Abdullah,Al Hamddan,Saudi Arabia,KSA,H,37,FWD,4.9
997,,Sultan Mandash,Sultan bin Ahmed bin Mohammed,Mandash,Saudi Arabia,KSA,H,37,FWD,4.5
999,,Nawaf Al Aqidi,Nawaf bin Dhahi bin Faisal Al Shuweiti,Al Aqidi,Saudi Arabia,KSA,H,37,GK,4
1000,,Ahmed Al Kassar,Ahmed bin Ali bin Hussein,Al Kassar,Saudi Arabia,KSA,H,37,GK,3.9
1001,,Mohammed Al Owais,Mohammed bin Khalil bin Ibrahim,Al Owais,Saudi Arabia,KSA,H,37,GK,3.5
1955,,Salem Al Dawsari,Salem bin Mohammed bin Shafi,Al Dawsari,Saudi Arabia,KSA,H,37,MID,7.2
982,,Aiman Yahya,Aiman bin Yahya bin Yahya,Salem Ahmed,Saudi Arabia,KSA,H,37,MID,5.6
1958,,Mohammed Abu Al Shamat,Mohammed bin Waheeb bin Saeed,Abu Al Shamat,Saudi Arabia,KSA,H,37,MID,5.5
1957,,Nasser Al Dawsari,Nasser bin Essa bin Shafi Al Shardan,Al Dawsari,Saudi Arabia,KSA,H,37,MID,5.2
980,,Abdullah Al Khaibari,Abdullah bin Mohammed bin Hamza Al Berri,Al Khaibari,Saudi Arabia,KSA,H,37,MID,5.1
978,,Mohamed Kanno,Mohamed bin Ibrahim bin Abdullah,Kanno,Saudi Arabia,KSA,H,37,MID,5.1
1956,,Alaa Al Hejji,Alaa bin Mohsen bin Ahmed,Al Hejji,Saudi Arabia,KSA,H,37,MID,5
977,,Ziyad Al Johani,Ziyad bin Mubarak bin Eid Al Marwani,Al Johani,Saudi Arabia,KSA,H,37,MID,4.9
972,,Musab Al Juwayr,Musab bin Fahad bin Zaid,Al Juwayr,Saudi Arabia,KSA,H,37,MID,4.1
1086,,Aymeric Laporte,Aymeric,Laporte,Spain,ESP,H,41,DEF,5.5
1085,,Pedro Porro,Pedro,Porro,Spain,ESP,H,41,DEF,5.5
1102,,Marcos Llorente,Marcos,Llorente,Spain,ESP,H,41,DEF,5.5
1088,,Marc Cucurella,Marc,Cucurella,Spain,ESP,H,41,DEF,5.1
1089,,Pau Cubarsí,Pau,Cubarsí,Spain,ESP,H,41,DEF,5
1087,,Alejandro Grimaldo,Alejandro,Grimaldo,Spain,ESP,H,41,DEF,4.9
1995,,Eric García,Eric,García,Spain,ESP,H,41,DEF,4.5
1996,,Marc Pubill,Marc,Pubill,Spain,ESP,H,41,DEF,4.2
1094,,Mikel Oyarzabal,Mikel,Oyarzabal,Spain,ESP,H,41,FWD,8.1
1093,,Ferran Torres,Ferran,Torres,Spain,ESP,H,41,FWD,7.8
1095,,Borja Iglesias,Borja,Iglesias,Spain,ESP,H,41,FWD,6.8
1097,,Víctor Muñoz,Víctor,Muñoz,Spain,ESP,H,41,FWD,4
1099,,Unai Simón,Unai,Simón,Spain,ESP,H,41,GK,5
1098,,David Raya,David,Raya,Spain,ESP,H,41,GK,5
1101,,Joan García,Joan,García,Spain,ESP,H,41,GK,4
1092,,Lamine Yamal,Lamine Yamal,Nasraoui Ebana,Spain,ESP,H,41,MID,10
1106,,Pedri,Pedro,González López,Spain,ESP,H,41,MID,8.1
2000,,Nico Williams,Nico,Williams,Spain,ESP,H,41,MID,7.8
1105,,Dani Olmo,Dani,Olmo,Spain,ESP,H,41,MID,7.7
1104,,Rodri,Rodrigo,Hernández Cascante,Spain,ESP,H,41,MID,7.5
1998,,Fabián Ruiz,Fabián,Ruiz,Spain,ESP,H,41,MID,6.8
1999,,Gavi,Pablo,Páez Gavira,Spain,ESP,H,41,MID,6.5
1997,,Mikel Merino,Mikel,Merino,Spain,ESP,H,41,MID,6.2
1084,,Martín Zubimendi,Martín,Zubimendi,Spain,ESP,H,41,MID,6.1
1082,,Álex Baena,Álex,Baena,Spain,ESP,H,41,MID,6
1081,,Yéremy Pino,Yéremy,Pino,Spain,ESP,H,41,MID,5.9
1226,,Ronald Araujo,Ronald,Araujo,Uruguay,URU,H,46,DEF,5
2063,,Joaquín Piquerez,Joaquín,Piquerez,Uruguay,URU,H,46,DEF,4.5
1227,,José María Giménez,José María,Giménez,Uruguay,URU,H,46,DEF,4.4
1228,,Matías Viña,Matías,Viña,Uruguay,URU,H,46,DEF,4.3
1229,,Mathías Olivera,Mathías,Olivera,Uruguay,URU,H,46,DEF,4.3
1230,,Guillermo Varela,Guillermo,Varela,Uruguay,URU,H,46,DEF,4.2
1231,,Sebastián Cáceres,Sebastián,Cáceres,Uruguay,URU,H,46,DEF,4.2
1232,,Santiago Bueno,Santiago,Bueno,Uruguay,URU,H,46,DEF,4.1
1236,,Darwin Núñez,Darwin,Núñez,Uruguay,URU,H,46,FWD,7.5
1238,,Brian Rodríguez,Brian,Rodríguez,Uruguay,URU,H,46,FWD,6.2
1237,,Federico Viñas,Federico,Viñas,Uruguay,URU,H,46,FWD,5.9
1239,,Rodrigo Aguirre,Rodrigo,Aguirre,Uruguay,URU,H,46,FWD,5.6
1241,,Agustín Canobbio,Agustín,Canobbio,Uruguay,URU,H,46,FWD,5.3
1244,,Sergio Rochet,Sergio,Rochet,Uruguay,URU,H,46,GK,4.1
1245,,Fernando Muslera,Fernando,Muslera,Uruguay,URU,H,46,GK,4.1
1246,,Santiago Mele,Santiago,Mele,Uruguay,URU,H,46,GK,3.5
1248,,Federico Valverde,Federico,Valverde,Uruguay,URU,H,46,MID,7.5
1247,,Giorgian de Arrascaeta,Giorgian,de Arrascaeta,Uruguay,URU,H,46,MID,6.5
1223,,Maxi Araújo,Maxi,Araújo,Uruguay,URU,H,46,MID,6.4
2064,,Rodrigo Bentancur,Rodrigo,Bentancur,Uruguay,URU,H,46,MID,6
2065,,Rodrigo Zalazar,Rodrigo,Zalazar,Uruguay,URU,H,46,MID,6
1224,,Manuel Ugarte,Manuel,Ugarte,Uruguay,URU,H,46,MID,5.9
1225,,Nicolás de la Cruz,Nicolás,de la Cruz,Uruguay,URU,H,46,MID,5.9
1222,,Facundo Pellistri,Facundo,Pellistri,Uruguay,URU,H,46,MID,5.2
1219,,Emiliano Martínez,Emiliano,Martínez,Uruguay,URU,H,46,MID,4.7
1218,,Juan Manuel Sanabria,Juan Manuel,Sanabria,Uruguay,URU,H,46,MID,4.5
1430,,Jules Koundé,Jules,Koundé,France,FRA,I,19,DEF,5.4
1429,,William Saliba,William,Saliba,France,FRA,I,19,DEF,5.3
494,,Dayot Upamecano,Dayot,Upamecano,France,FRA,I,19,DEF,5.3
496,,Lucas Hernández,Lucas,Hernández,France,FRA,I,19,DEF,5.2
499,,Malo Gusto,Malo,Gusto,France,FRA,I,19,DEF,5.1
498,,Lucas Digne,Lucas,Digne,France,FRA,I,19,DEF,5
492,,Theo Hernández,Theo,Hernández,France,FRA,I,19,DEF,5
495,,Ibrahima Konaté,Ibrahima,Konaté,France,FRA,I,19,DEF,4.9
493,,Maxence Lacroix,Maxence,Lacroix,France,FRA,I,19,DEF,4.5
500,,Kylian Mbappé,Kylian,Mbappé,France,FRA,I,19,FWD,10.5
502,,Marcus Thuram,Marcus,Thuram,France,FRA,I,19,FWD,7.5
1432,,Jean-Philippe Mateta,Jean-Philippe,Mateta,France,FRA,I,19,FWD,6.5
506,,Mike Maignan,Mike,Maignan,France,FRA,I,19,GK,5
508,,Brice Samba,Brice,Samba,France,FRA,I,19,GK,4.5
1428,,Robin Risser,Robin,Risser,France,FRA,I,19,GK,3.5
501,,Ousmane Dembélé,Ousmane,Dembélé,France,FRA,I,19,MID,10
517,,Michael Olise,Michael,Olise,France,FRA,I,19,MID,9.5
516,,Rayan Cherki,Rayan,Cherki,France,FRA,I,19,MID,8
1431,,Bradley Barcola,Bradley,Barcola,France,FRA,I,19,MID,8
505,,Désiré Doué,Désiré,Doué,France,FRA,I,19,MID,7.5
515,,Aurélien Tchouaméni,Aurélien,Tchouaméni,France,FRA,I,19,MID,6.5
514,,Maghnes Akliouche,Maghnes,Akliouche,France,FRA,I,19,MID,6.4
510,,Adrien Rabiot,Adrien,Rabiot,France,FRA,I,19,MID,6.4
512,,Manu Koné,Manu,Koné,France,FRA,I,19,MID,6.1
511,,Warren Zaïre-Emery,Warren,Zaïre-Emery,France,FRA,I,19,MID,6.1
509,,N'Golo Kanté,N'Golo,Kanté,France,FRA,I,19,MID,5.1
637,,Merchas Doski,Merchas Ghazi Salih,Doski,Iraq,IRQ,I,24,DEF,3.8
638,,Frans Putros,Frans Dhia Jirjis,Haddad,Iraq,IRQ,I,24,DEF,3.7
639,,Rebin Sulaka,Rebin Ghareeb Sulaka,Adhamat,Iraq,IRQ,I,24,DEF,3.7
642,,Zaid Tahseen,Zaid Tahseen Abd Zaid,Hantoosh,Iraq,IRQ,I,24,DEF,3.6
1565,,Ahmed Yahya,Ahmed Yahya Mahmood,Al Hajjaj,Iraq,IRQ,I,24,DEF,3.6
1564,,Mustafa Saadoon,Mustafa Saadoon Abbood,Al Korji,Iraq,IRQ,I,24,DEF,3.6
641,,Hussein Ali,Hussein Haydar,Ali,Iraq,IRQ,I,24,DEF,3.6
643,,Munaf Younus,Munaf Younus Hashim,Al Tekreeti,Iraq,IRQ,I,24,DEF,3.5
644,,Akam Hashim,Akam Hashim,Rahman,Iraq,IRQ,I,24,DEF,3.5
646,,Aymen Hussein,Aymen Hussein Ghadhban,Al Mafraje,Iraq,IRQ,I,24,FWD,5.3
648,,Ali Jasim,Ali Jasim Elaibi,Al Tameemi,Iraq,IRQ,I,24,FWD,4.9
647,,Mohanad Ali,Mohanad Ali Kadhim,Al Shammari,Iraq,IRQ,I,24,FWD,4.9
649,,Ali Al Hamadi,Ali Ibrahim Karim Ali,Al Hamadi,Iraq,IRQ,I,24,FWD,4.7
650,,Youssef Amyn,Youssef Wali Faeq,Amyn,Iraq,IRQ,I,24,FWD,4.4
651,,Ali Yousif,Ali Yousif Hashim,Najatee,Iraq,IRQ,I,24,FWD,4.2
1563,,Jalal Hassan,Jalal Hassan,Hachim,Iraq,IRQ,I,24,GK,3.9
653,,Ahmed Basil,Ahmed Basil Fadhil,Al Fadhli,Iraq,IRQ,I,24,GK,3.8
654,,Fahad Talib,Fahad Talib,Raheem,Iraq,IRQ,I,24,GK,3.7
656,,Zidane Iqbal,Zidane Aamar,Iqbal,Iraq,IRQ,I,24,MID,5.6
657,,Ibrahim Bayesh,Ibrahim Bayesh Kamil,Al Kaabawi,Iraq,IRQ,I,24,MID,5.6
635,,Amir Al Ammari,Amir Fouad Abboud,Al Ammari,Iraq,IRQ,I,24,MID,5.3
636,,Aimar Sher,Aimar Hazar Anwar,Sher,Iraq,IRQ,I,24,MID,5.3
634,,Kevin Yakob,Kevin,Yakob,Iraq,IRQ,I,24,MID,5.1
631,,Marko Farji,Marko Hussein,Farji,Iraq,IRQ,I,24,MID,4.4
630,,Zaid Ismael,Zaid Ismael Khaleel,Al Dulaimi,Iraq,IRQ,I,24,MID,4.4
1568,,Ahmed Qasem,Ahmed Ihab,Ahmed,Iraq,IRQ,I,24,MID,4.4
846,,Kristoffer Ajer,Kristoffer,Ajer,Norway,NOR,I,32,DEF,4.3
847,,Julian Ryerson,Julian,Ryerson,Norway,NOR,I,32,DEF,4.2
848,,Marcus Pedersen,Marcus,Pedersen,Norway,NOR,I,32,DEF,4.1
849,,Leo Østigård,Leo,Østigård,Norway,NOR,I,32,DEF,4.1
850,,David Møller Wolfe,David,Møller Wolfe,Norway,NOR,I,32,DEF,4
1714,,Sondre Langås,Sondre,Langås,Norway,NOR,I,32,DEF,4
851,,Fredrik Bjørkan,Fredrik,Bjørkan,Norway,NOR,I,32,DEF,4
852,,Torbjørn Heggem,Torbjørn,Heggem,Norway,NOR,I,32,DEF,3.7
854,,Henrik Falchener,Henrik,Falchener,Norway,NOR,I,32,DEF,3.5
855,,Erling Haaland,Erling,Haaland,Norway,NOR,I,32,FWD,10.5
856,,Alexander Sørloth,Alexander,Sørloth,Norway,NOR,I,32,FWD,6.8
857,,Andreas Schjelderup,Andreas,Schjelderup,Norway,NOR,I,32,FWD,6.2
858,,Jørgen Strand Larsen,Jørgen,Strand Larsen,Norway,NOR,I,32,FWD,5.6
859,,Ørjan Nyland,Ørjan,Nyland,Norway,NOR,I,32,GK,4.2
860,,Egil Selvik,Egil,Selvik,Norway,NOR,I,32,GK,3.8
1681,,Sander Tangvik,Sander,Tangvik,Norway,NOR,I,32,GK,3.5
1684,,Martin Ødegaard,Martin,Ødegaard,Norway,NOR,I,32,MID,7.7
1683,,Fredrik Aursnes,Fredrik,Aursnes,Norway,NOR,I,32,MID,6.5
864,,Kristian Thorstvedt,Kristian,Thorstvedt,Norway,NOR,I,32,MID,6.2
863,,Antonio Nusa,Antonio,Nusa,Norway,NOR,I,32,MID,6.1
862,,Jens Petter Hauge,Jens Petter,Hauge,Norway,NOR,I,32,MID,5.9
845,,Patrick Berg,Patrick,Berg,Norway,NOR,I,32,MID,5.6
844,,Morten Thorsby,Morten,Thorsby,Norway,NOR,I,32,MID,5.6
1682,,Thelo Aasgaard,Thelo,Aasgaard,Norway,NOR,I,32,MID,5.5
843,,Oscar Bobb,Oscar,Bobb,Norway,NOR,I,32,MID,5.1
841,,Sander Berge,Sander,Berge,Norway,NOR,I,32,MID,4.7
1037,,Kalidou Koulibaly,Kalidou,Koulibaly,Senegal,SEN,I,39,DEF,4.9
1033,,Mamadou Sarr,Mamadou,Sarr,Senegal,SEN,I,39,DEF,4.7
1034,,Moussa Niakhaté,Moussa,Niakhaté,Senegal,SEN,I,39,DEF,4.3
1035,,El Hadji Malick Diouf,El Hadji Malick,Diouf,Senegal,SEN,I,39,DEF,4.1
1036,,Ismail Jakobs,Ismail,Jakobs,Senegal,SEN,I,39,DEF,4.1
1038,,Abdoulaye Seck,Abdoulaye,Seck,Senegal,SEN,I,39,DEF,3.8
1039,,Antoine Mendy,Antoine,Mendy,Senegal,SEN,I,39,DEF,3.7
1041,,Nicolas Jackson,Nicolas,Jackson,Senegal,SEN,I,39,FWD,6.7
1042,,Iliman Ndiaye,Iliman,Ndiaye,Senegal,SEN,I,39,FWD,6.5
1043,,Ismaïla Sarr,Ismaïla,Sarr,Senegal,SEN,I,39,FWD,6.2
1047,,Cherif Ndiaye,Cherif,Ndiaye,Senegal,SEN,I,39,FWD,4.9
1048,,Bamba Dieng,Bamba,Dieng,Senegal,SEN,I,39,FWD,4.9
1046,,Assane Diao,Assane,Diao,Senegal,SEN,I,39,FWD,4.9
1049,,Ibrahim Mbaye,Ibrahim,Mbaye,Senegal,SEN,I,39,FWD,4.4
1051,,Édouard Mendy,Édouard,Mendy,Senegal,SEN,I,39,GK,4.5
1052,,Yehvann Diouf,Yehvann,Diouf,Senegal,SEN,I,39,GK,3.9
1053,,Mory Diaw,Mory,Diaw,Senegal,SEN,I,39,GK,3.8
1696,,Sadio Mané,Sadio,Mané,Senegal,SEN,I,39,MID,7.6
1056,,Habib Diarra,Habib,Diarra,Senegal,SEN,I,39,MID,6.2
1055,,Lamine Camara,Lamine,Camara,Senegal,SEN,I,39,MID,6.2
1054,,Krépin Diatta,Krépin,Diatta,Senegal,SEN,I,39,MID,6.1
1032,,Pape Gueye,Pape,Gueye,Senegal,SEN,I,39,MID,5.9
1031,,Pathé Ciss,Pathé,Ciss,Senegal,SEN,I,39,MID,5.6
1030,,Pape Matar Sarr,Pape Matar,Sarr,Senegal,SEN,I,39,MID,5.6
1029,,Idrissa Gueye,Idrissa,Gueye,Senegal,SEN,I,39,MID,4.9
1695,,Bara Sapoko Ndiaye,Bara,Sapoko Ndiaye,Senegal,SEN,I,39,MID,4.5
1,,Rayan Aït-Nouri,Rayan,Aït-Nouri,Algeria,ALG,J,1,DEF,4.9
2,,Ramy Bensebaini,Ramy,Bensebaini,Algeria,ALG,J,1,DEF,4.4
2047,,Samir Chergui,Samir,Chergui,Algeria,ALG,J,1,DEF,4
2048,,Mohamed Tougaï,Mohamed,Tougaï,Algeria,ALG,J,1,DEF,4
3,,Aïssa Mandi,Aïssa,Mandi,Algeria,ALG,J,1,DEF,3.9
2066,,Jaouen Hadjam,Jaouen,Hadjam,Algeria,ALG,J,1,DEF,3.8
5,,Zinéddine Belaïd,Zinéddine,Belaïd,Algeria,ALG,J,1,DEF,3.7
7,,Rafik Belghali,Rafik,Belghali,Algeria,ALG,J,1,DEF,3.5
8,,Achref Abada,Achref,Abada,Algeria,ALG,J,1,DEF,3.5
9,,Mohammed Amoura,Mohammed,Amoura,Algeria,ALG,J,1,FWD,6.2
10,,Amine Gouiri,Amine,Gouiri,Algeria,ALG,J,1,FWD,6.2
12,,Ibrahim Maza,Ibrahim,Maza,Algeria,ALG,J,1,FWD,5.4
13,,Anis Hadj Moussa,Anis,Hadj Moussa,Algeria,ALG,J,1,FWD,5.3
14,,Farès Ghedjemis,Farès,Ghedjemis,Algeria,ALG,J,1,FWD,4.4
15,,Ahmed Benbouali,Ahmed,Benbouali,Algeria,ALG,J,1,FWD,4.2
2046,,Oussama Benbot,Oussama,Benbot,Algeria,ALG,J,1,GK,4.2
18,,Luca Zidane,Luca,Zidane,Algeria,ALG,J,1,GK,3.8
19,,Melvin Mastil,Melvin,Mastil,Algeria,ALG,J,1,GK,3.5
11,,Riyad Mahrez,Riyad,Mahrez,Algeria,ALG,J,1,MID,6.5
27,,Farès Chaïbi,Farès,Chaïbi,Algeria,ALG,J,1,MID,6.2
26,,Houssem Aouar,Houssem,Aouar,Algeria,ALG,J,1,MID,6
2049,,Nabil Bentaleb,Nabil,Bentaleb,Algeria,ALG,J,1,MID,5.5
24,,Hicham Boudaoui,Hicham,Boudaoui,Algeria,ALG,J,1,MID,5.5
23,,Ramiz Zerrouki,Ramiz,Zerrouki,Algeria,ALG,J,1,MID,5.3
22,,Yacine Titraoui,Yacine,Titraoui,Algeria,ALG,J,1,MID,4.7
21,,Adil Boulbina,Adil,Boulbina,Algeria,ALG,J,1,MID,4
28,,Cristian Romero,Cristian,Romero,Argentina,ARG,J,2,DEF,4.9
1318,,Lisandro Martínez,Lisandro,Martínez,Argentina,ARG,J,2,DEF,4.6
31,,Nicolás Otamendi,Nicolás,Otamendi,Argentina,ARG,J,2,DEF,4.4
30,,Nahuel Molina,Nahuel,Molina,Argentina,ARG,J,2,DEF,4.4
1323,,Gonzalo Montiel,Gonzalo,Montiel,Argentina,ARG,J,2,DEF,4.3
34,,Nicolás Tagliafico,Nicolás,Tagliafico,Argentina,ARG,J,2,DEF,4.3
1325,,Leonardo Balerdi,Leonardo,Balerdi,Argentina,ARG,J,2,DEF,4
1320,,Facundo Medina,Facundo,Medina,Argentina,ARG,J,2,DEF,4
38,,Lionel Messi,Lionel,Messi,Argentina,ARG,J,2,FWD,10
1338,,Lautaro Martínez,Lautaro,Martínez,Argentina,ARG,J,2,FWD,8.8
39,,Julián Alvarez,Julián,Alvarez,Argentina,ARG,J,2,FWD,8.6
43,,José Manuel López,José Manuel,López,Argentina,ARG,J,2,FWD,5.3
45,,Emiliano Martínez,Emiliano,Martínez,Argentina,ARG,J,2,GK,5
46,,Gerónimo Rulli,Gerónimo,Rulli,Argentina,ARG,J,2,GK,4.5
47,,Juan Musso,Juan,Musso,Argentina,ARG,J,2,GK,4.3
57,,Enzo Fernández,Enzo,Fernández,Argentina,ARG,J,2,MID,7.5
56,,Alexis Mac Allister,Alexis,Mac Allister,Argentina,ARG,J,2,MID,6.6
55,,Thiago Almada,Thiago,Almada,Argentina,ARG,J,2,MID,6.5
1326,,Giovani Lo Celso,Giovani,Lo Celso,Argentina,ARG,J,2,MID,6.2
53,,Valentín Barco,Valentín,Barco,Argentina,ARG,J,2,MID,6.2
54,,Exequiel Palacios,Exequiel,Palacios,Argentina,ARG,J,2,MID,6
51,,Nico Paz,Nico,Paz,Argentina,ARG,J,2,MID,5.9
50,,Rodrigo De Paul,Rodrigo,De Paul,Argentina,ARG,J,2,MID,5.9
42,,Nico González,Nico,González,Argentina,ARG,J,2,MID,5.6
41,,Giuliano Simeone,Giuliano,Simeone,Argentina,ARG,J,2,MID,5.6
48,,Leandro Paredes,Leandro,Paredes,Argentina,ARG,J,2,MID,5.6
85,,David Alaba,David,Alaba,Austria,AUT,J,4,DEF,4.6
92,,Marco Friedl,Marco,Friedl,Austria,AUT,J,4,DEF,4.3
90,,Stefan Posch,Stefan,Posch,Austria,AUT,J,4,DEF,4.3
88,,Kevin Danso,Kevin,Danso,Austria,AUT,J,4,DEF,4.3
87,,Alexander Prass,Alexander,Prass,Austria,AUT,J,4,DEF,4.3
86,,Philipp Lienhart,Philipp,Lienhart,Austria,AUT,J,4,DEF,4.3
93,,David Affengruber,David,Affengruber,Austria,AUT,J,4,DEF,3.9
91,,Phillipp Mwene,Phillipp,Mwene,Austria,AUT,J,4,DEF,3.9
94,,Michael Svoboda,Michael,Svoboda,Austria,AUT,J,4,DEF,3.8
95,,Marko Arnautovic,Marko,Arnautovic,Austria,AUT,J,4,FWD,6
96,,Michael Gregoritsch,Michael,Gregoritsch,Austria,AUT,J,4,FWD,6
97,,Sasa Kalajdzic,Sasa,Kalajdzic,Austria,AUT,J,4,FWD,6
98,,Alexander Schlager,Alexander,Schlager,Austria,AUT,J,4,GK,4.6
99,,Patrick Pentz,Patrick,Pentz,Austria,AUT,J,4,GK,4.6
101,,Florian Wiegele,Florian,Wiegele,Austria,AUT,J,4,GK,3.5
107,,Marcel Sabitzer,Marcel,Sabitzer,Austria,AUT,J,4,MID,6.8
108,,Romano Schmid,Romano,Schmid,Austria,AUT,J,4,MID,6
109,,Patrick Wimmer,Patrick,Wimmer,Austria,AUT,J,4,MID,6
103,,Konrad Laimer,Konrad,Laimer,Austria,AUT,J,4,MID,5.8
110,,Paul Wanner,Paul,Wanner,Austria,AUT,J,4,MID,5.6
106,,Nicolas Seiwald,Nicolas,Seiwald,Austria,AUT,J,4,MID,5.6
105,,Florian Grillitsch,Florian,Grillitsch,Austria,AUT,J,4,MID,5.5
111,,Xaver Schlager,Xaver,Schlager,Austria,AUT,J,4,MID,5.5
104,,Alessandro Schöpf,Alessandro,Schöpf,Austria,AUT,J,4,MID,5.3
102,,Carney Chukwuemeka,Carney,Chukwuemeka,Austria,AUT,J,4,MID,5
690,,Yazan Al Arab,Yazan Mousa Mahmoud,Abu Al Arab,Jordan,JOR,J,26,DEF,3.7
691,,Abdallah Nasib,Abdallah Mousa Musallam,Nasib,Jordan,JOR,J,26,DEF,3.6
695,,Husam Abu Al Dahab,Husam Ali Mohammad,Abu Al Dahab,Jordan,JOR,J,26,DEF,3.5
700,,Amer Jamous,Amer Rasem Adel,Jamous,Jordan,JOR,J,26,DEF,3.5
699,,Mohammad Abu Al Nadi,Mohammad Majed Jamil,Abu Al Nadi,Jordan,JOR,J,26,DEF,3.5
698,,Saleem Obaid,Saleem Amer Saleem,Obaid,Jordan,JOR,J,26,DEF,3.5
1543,,Ehsan Haddad,Ehsan Nabil Farhan,Haddad,Jordan,JOR,J,26,DEF,3.5
693,,Mohammad Abu Hasheesh,Mohammad Ali Hasan,Abu Hasheesh,Jordan,JOR,J,26,DEF,3.5
692,,Mohannad Abu Taha,Mohannad Mahmoud Saleh,Abu Taha,Jordan,JOR,J,26,DEF,3.5
1544,,Saed Al Rosan,Saed Ahmad Salameh,Al Rosan,Jordan,JOR,J,26,DEF,3.5
1545,,Anas Badawi,Anas Saeed,Badawi,Jordan,JOR,J,26,DEF,3.5
701,,Mousa Al Tamari,Mousa Mohammad Mousa,Sulaiman Al Tamari,Jordan,JOR,J,26,FWD,5.6
1547,,Ali Olwan,Ali Iyad Ali,Olwan,Jordan,JOR,J,26,FWD,4.2
702,,Mohammad Abu Zraiq,Mohammad Faisal Yousef,Abu Zraiq,Jordan,JOR,J,26,FWD,4.2
703,,Mahmoud Al Mardi,Mahmoud Nayef Ahmad,Al Mardi,Jordan,JOR,J,26,FWD,4.2
707,,Ali Azaizeh,Ali Ahmad Ali,Al Azaizeh,Jordan,JOR,J,26,FWD,4
708,,Odeh Fakhoury,Odeh Burhan Shehadeh,Fakhoury,Jordan,JOR,J,26,FWD,4
705,,Ibrahim Sabra,Ibrahim Mohammad Abdallah,Sabra,Jordan,JOR,J,26,FWD,4
709,,Yazeed  Abulaila,Yazeed Mo'ien Hasan,Abulaila,Jordan,JOR,J,26,GK,3.9
710,,Abdallah Al Fakhouri,Abdallah Ra'ed Mahmoud,Al Fakhouri,Jordan,JOR,J,26,GK,3.6
1541,,Nour Bani Ateyah,Noureddin Zaid Khaleel,Bani Ateyah,Jordan,JOR,J,26,GK,3.6
689,,Nizar Al Rashdan,Nizar Mahmoud Ahmed,Al Rashdan,Jordan,JOR,J,26,MID,4.9
688,,Noor Al Rawabdeh,Noor Al Deen Mahmoud Ali,Al Rawabdeh,Jordan,JOR,J,26,MID,4.7
687,,Mohammad Al Daoud,Mohammad Ratib,Mohammad Al Daoud,Jordan,JOR,J,26,MID,4.7
1546,,Raja'ei Ayed,Raja'ei Ayed Fadel,Hasan,Jordan,JOR,J,26,MID,4.5
686,,Ibrahim Sadeh,Ibrahim Mohammad Sami,Sadeh,Jordan,JOR,J,26,MID,4.4
248,,Daniel Muñoz,Daniel,Muñoz,Colombia,COL,K,10,DEF,4.6
249,,Jhon Lucumí,Jhon,Lucumí,Colombia,COL,K,10,DEF,4.3
250,,Dávinson Sánchez,Dávinson,Sánchez,Colombia,COL,K,10,DEF,4.3
1374,,Yerry Mina,Yerry,Mina,Colombia,COL,K,10,DEF,4.2
251,,Déiver Machado,Déiver,Machado,Colombia,COL,K,10,DEF,3.9
252,,Johan Mojica,Johan,Mojica,Colombia,COL,K,10,DEF,3.9
253,,Santiago Arias,Santiago,Arias,Colombia,COL,K,10,DEF,3.9
1379,,Willer Ditta,Willer,Ditta,Colombia,COL,K,10,DEF,3.7
1396,,Cucho Hernández,Cucho,Hernández,Colombia,COL,K,10,FWD,6.3
257,,Jhon Córdoba,Jhon,Córdoba,Colombia,COL,K,10,FWD,6.1
259,,Luis Suárez,Luis,Suárez,Colombia,COL,K,10,FWD,5.7
261,,Andrés Gómez,Andrés,Gómez,Colombia,COL,K,10,FWD,4.9
262,,Camilo Vargas,Camilo,Vargas,Colombia,COL,K,10,GK,4.3
263,,David Ospina,David,Ospina,Colombia,COL,K,10,GK,4
264,,Álvaro Montero,Álvaro,Montero,Colombia,COL,K,10,GK,3.8
256,,Luis Díaz,Luis,Díaz,Colombia,COL,K,10,MID,8.1
270,,James Rodríguez,James,Rodríguez,Colombia,COL,K,10,MID,6.5
269,,Jhon Arias,Jhon,Arias,Colombia,COL,K,10,MID,6.3
271,,Jorge Carrascal,Jorge,Carrascal,Colombia,COL,K,10,MID,6.1
267,,Juan Fernando Quintero,Juan Fernando,Quintero,Colombia,COL,K,10,MID,5.6
268,,Jaminton Campaz,Jaminton,Campaz,Colombia,COL,K,10,MID,5.5
266,,Gustavo Puerta,Gustavo,Puerta,Colombia,COL,K,10,MID,5.3
265,,Jefferson Lerma,Jefferson,Lerma,Colombia,COL,K,10,MID,4.9
247,,Richard Ríos,Richard,Ríos,Colombia,COL,K,10,MID,4.7
1385,,Juan Portilla,Juan,Portilla,Colombia,COL,K,10,MID,4.7
246,,Kevin Castaño,Kevin,Castaño,Colombia,COL,K,10,MID,4.3
272,,Aaron Wan-Bissaka,Aaron,Wan-Bissaka,Congo DR,COD,K,11,DEF,4.3
274,,Chancel Mbemba,Chancel,Mbemba,Congo DR,COD,K,11,DEF,4.2
273,,Arthur Masuaku,Arthur,Masuaku,Congo DR,COD,K,11,DEF,4.2
275,,Axel Tuanzebe,Axel,Tuanzebe,Congo DR,COD,K,11,DEF,4
1556,,Gédéon Kalulu,Gédéon,Kalulu,Congo DR,COD,K,11,DEF,3.9
276,,Joris Kayembe,Joris,Kayembe,Congo DR,COD,K,11,DEF,3.9
277,,Dylan Batubinsika,Dylan,Batubinsika,Congo DR,COD,K,11,DEF,3.8
278,,Steve Kapuadi,Steve,Kapuadi,Congo DR,COD,K,11,DEF,3.7
283,,Cédric Bakambu,Cédric,Bakambu,Congo DR,COD,K,11,FWD,6.5
281,,Yoane Wissa,Yoane,Wissa,Congo DR,COD,K,11,FWD,6.2
282,,Simon Banza,Simon,Banza,Congo DR,COD,K,11,FWD,5.6
284,,Meschack Elia,Meschack,Elia,Congo DR,COD,K,11,FWD,4.9
285,,Fiston Mayele,Fiston,Mayele,Congo DR,COD,K,11,FWD,4.9
287,,Nathanaël Mbuku,Nathanaël,Mbuku,Congo DR,COD,K,11,FWD,4.5
288,,Brian Cipenga,Brian,Cipenga,Congo DR,COD,K,11,FWD,4.2
289,,Lionel Mpasi,Lionel,Mpasi,Congo DR,COD,K,11,GK,4
290,,Matthieu Epolo,Matthieu,Epolo,Congo DR,COD,K,11,GK,3.7
291,,Timothy Fayulu,Timothy,Fayulu,Congo DR,COD,K,11,GK,3.6
297,,Théo Bongonda,Théo,Bongonda,Congo DR,COD,K,11,MID,6.2
296,,Edo Kayembe,Edo,Kayembe,Congo DR,COD,K,11,MID,5.6
295,,Charles Pickel,Charles,Pickel,Congo DR,COD,K,11,MID,5.3
294,,Noah Sadiki,Noah,Sadiki,Congo DR,COD,K,11,MID,5.3
293,,Samuel Moutoussamy,Samuel,Moutoussamy,Congo DR,COD,K,11,MID,5.1
292,,Ngal'ayel Mukau,Ngal'ayel,Mukau,Congo DR,COD,K,11,MID,4.9
1591,,Aaron Tshibola,Aaron,Tshibola,Congo DR,COD,K,11,MID,4.9
1557,,Gaël Kakuta,Gaël,Kakuta,Congo DR,COD,K,11,MID,4.6
916,,Nuno Mendes,Nuno Alexandre,Tavares Mendes,Portugal,POR,K,35,DEF,5.8
917,,João Cancelo,João Pedro,Cavaco Cancelo,Portugal,POR,K,35,DEF,5.3
1570,,Rúben Dias,Rúben,dos Santos Gato Alves Dias,Portugal,POR,K,35,DEF,5
918,,Diogo Dalot,José Diogo,Dalot Teixeira,Portugal,POR,K,35,DEF,5
919,,Gonçalo Inácio,Gonçalo Bernardo,Inácio,Portugal,POR,K,35,DEF,4.6
921,,Renato Veiga,Renato,Palma Veiga,Portugal,POR,K,35,DEF,4.3
1571,,Nélson Semedo,Nélson,Cabral Semedo,Portugal,POR,K,35,DEF,4.3
922,,Tomás Araújo,Tomás,Lemos Araújo,Portugal,POR,K,35,DEF,4.1
1573,,Cristiano Ronaldo,Cristiano Ronaldo,dos Santos Aveiro,Portugal,POR,K,35,FWD,10
923,,Gonçalo Ramos,Gonçalo,Matias Ramos,Portugal,POR,K,35,FWD,7.5
924,,João Félix,João,Félix Sequeira,Portugal,POR,K,35,FWD,6.5
926,,Trincão,Francisco António,Machado Mota de Castro Trincão,Portugal,POR,K,35,FWD,5.9
927,,Gonçalo Guedes,Gonçalo Manuel,Ganchinho Guedes,Portugal,POR,K,35,FWD,5.8
1569,,Diogo Costa,Diogo,Meireles da Costa,Portugal,POR,K,35,GK,4.9
932,,José Sá,José Pedro,Malheiro de Sá,Portugal,POR,K,35,GK,4.7
931,,Rui Silva,Rui Tiago,Dantas da Silva,Portugal,POR,K,35,GK,4.7
939,,Bruno Fernandes,Bruno Miguel,Borges Fernandes,Portugal,POR,K,35,MID,8.5
1574,,Rafael Leão,Rafael Alexandre,da Conceição Leão,Portugal,POR,K,35,MID,7.8
1572,,Bernardo Silva,Bernardo,Mota Veiga de Carvalho e Silva,Portugal,POR,K,35,MID,7.8
937,,João Neves,João Pedro,Gonçalves Neves,Portugal,POR,K,35,MID,6.5
936,,Vitinha,Vítor,Machado Ferreira,Portugal,POR,K,35,MID,6.4
925,,Pedro Neto,Pedro,Lomba Neto,Portugal,POR,K,35,MID,6.4
935,,Matheus Nunes,Matheus Luiz,Nunes,Portugal,POR,K,35,MID,6.1
934,,Rúben Neves,Rúben Diogo,da Silva Neves,Portugal,POR,K,35,MID,5.9
928,,Francisco Conceição,Francisco,Fernandes da Conceição,Portugal,POR,K,35,MID,5.7
915,,Samú Costa,Samuel,de Almeida Costa,Portugal,POR,K,35,MID,5.6
1293,,Abdukodir Khusanov,Abdukodir,Khusanov,Uzbekistan,UZB,K,48,DEF,4.3
1294,,Rustam Ashurmatov,Rustam,Ashurmatov,Uzbekistan,UZB,K,48,DEF,3.7
1295,,Sherzod Nasrullaev,Sherzod,Nasrullaev,Uzbekistan,UZB,K,48,DEF,3.7
1297,,Khojiakbar Alijonov,Khojiakbar,Alijonov,Uzbekistan,UZB,K,48,DEF,3.6
1296,,Farrukh Sayfiev,Farrukh,Sayfiev,Uzbekistan,UZB,K,48,DEF,3.6
1300,,Umar Eshmurodov,Umar,Eshmurodov,Uzbekistan,UZB,K,48,DEF,3.5
1305,,Jakhongir Urozov,Jakhongir,Urozov,Uzbekistan,UZB,K,48,DEF,3.5
1303,,Bekhruz Karimov,Bekhruz,Karimov,Uzbekistan,UZB,K,48,DEF,3.5
1302,,Avazbek O'lmasaliev,Avazbek,O'lmasaliev,Uzbekistan,UZB,K,48,DEF,3.5
1306,,Eldor Shomurodov,Eldor,Shomurodov,Uzbekistan,UZB,K,48,FWD,6.5
1307,,Igor Sergeev,Igor,Sergeev,Uzbekistan,UZB,K,48,FWD,6.1
1310,,Azizbek Amanov,Azizbek,Amanov,Uzbekistan,UZB,K,48,FWD,4.9
1311,,Abduvokhid Ne'matov,Abduvokhid,Ne'matov,Uzbekistan,UZB,K,48,GK,4
1312,,Utkir Yusupov,Utkir,Yusupov,Uzbekistan,UZB,K,48,GK,3.9
1314,,Botirali Ergashev,Botirali,Ergashev,Uzbekistan,UZB,K,48,GK,3.5
1292,,Abbosbek Fayzullaev,Abbosbek,Fayzullaev,Uzbekistan,UZB,K,48,MID,6.2
1291,,Jaloliddin Masharipov,Jaloliddin,Masharipov,Uzbekistan,UZB,K,48,MID,6.1
1290,,Jamshid Iskanderov,Jamshid,Iskanderov,Uzbekistan,UZB,K,48,MID,5.7
1289,,Oston Urunov,Oston,Urunov,Uzbekistan,UZB,K,48,MID,5.6
1288,,Odiljon Hamrobekov,Odiljon,Hamrobekov,Uzbekistan,UZB,K,48,MID,5.3
1287,,Aziz G'aniev,Aziz,G'aniev,Uzbekistan,UZB,K,48,MID,5.3
1286,,Dostonbek Khamdamov,Dostonbek,Khamdamov,Uzbekistan,UZB,K,48,MID,5.1
1284,,Otabek Shukurov,Otabek,Shukurov,Uzbekistan,UZB,K,48,MID,5
1282,,Akmal Mozgovoy,Akmal,Mozgovoy,Uzbekistan,UZB,K,48,MID,4.7
1278,,Sherzod Esanov,Sherzod,Esanov,Uzbekistan,UZB,K,48,MID,4.7
1275,,Abdulla Abdullaev,Abdulla,Abdullaev,Uzbekistan,UZB,K,48,MID,4.2
1536,,Josko Gvardiol,Josko,Gvardiol,Croatia,CRO,L,13,DEF,5
325,,Josip Stanisic,Josip,Stanisic,Croatia,CRO,L,13,DEF,4.3
326,,Josip Sutalo,Josip,Sutalo,Croatia,CRO,L,13,DEF,4.3
327,,Duje Caleta-Car,Duje,Caleta-Car,Croatia,CRO,L,13,DEF,4
328,,Marin Pongracic,Marin,Pongracic,Croatia,CRO,L,13,DEF,4
329,,Martin Erlic,Martin,Erlic,Croatia,CRO,L,13,DEF,3.9
330,,Luka Vuskovic,Luka,Vuskovic,Croatia,CRO,L,13,DEF,3.7
332,,Ante Budimir,Ante,Budimir,Croatia,CRO,L,13,FWD,6.8
333,,Andrej Kramaric,Andrej,Kramaric,Croatia,CRO,L,13,FWD,6.2
334,,Ivan Perisic,Ivan,Perisic,Croatia,CRO,L,13,FWD,5.4
335,,Marco Pasalic,Marco,Pasalic,Croatia,CRO,L,13,FWD,5.3
336,,Petar Musa,Petar,Musa,Croatia,CRO,L,13,FWD,5.1
337,,Igor Matanovic,Igor,Matanovic,Croatia,CRO,L,13,FWD,4.9
338,,Dominik Livakovic,Dominik,Livakovic,Croatia,CRO,L,13,GK,4.5
1535,,Dominik Kotarski,Dominik,Kotarski,Croatia,CRO,L,13,GK,4.4
339,,Ivor Pandur,Ivor,Pandur,Croatia,CRO,L,13,GK,3.9
348,,Martin Baturina,Martin,Baturina,Croatia,CRO,L,13,MID,6.5
347,,Mario Pasalic,Mario,Pasalic,Croatia,CRO,L,13,MID,6.4
346,,Luka Modric,Luka,Modric,Croatia,CRO,L,13,MID,6.2
345,,Nikola Vlasic,Nikola,Vlasic,Croatia,CRO,L,13,MID,6.1
1537,,Mateo Kovacic,Mateo,Kovacic,Croatia,CRO,L,13,MID,6
343,,Nikola Moro,Nikola,Moro,Croatia,CRO,L,13,MID,5.6
344,,Kristijan Jakic,Kristijan,Jakic,Croatia,CRO,L,13,MID,5.6
341,,Luka Sucic,Luka,Sucic,Croatia,CRO,L,13,MID,4.9
342,,Toni Fruk,Toni,Fruk,Croatia,CRO,L,13,MID,4.9
324,,Petar Sucic,Petar,Sucic,Croatia,CRO,L,13,MID,4.2
1709,,Reece James,Reece,James,England,ENG,L,18,DEF,5.2
461,,Marc Guéhi,Marc,Guéhi,England,ENG,L,18,DEF,5.1
463,,Ezri Konsa,Ezri,Konsa,England,ENG,L,18,DEF,4.8
457,,Nico O'Reilly,Nico,O'Reilly,England,ENG,L,18,DEF,4.7
459,,Tino Livramento,Tino,Livramento,England,ENG,L,18,DEF,4.6
466,,John Stones,John,Stones,England,ENG,L,18,DEF,4.6
462,,Dan Burn,Dan,Burn,England,ENG,L,18,DEF,4.5
467,,Djed Spence,Djed,Spence,England,ENG,L,18,DEF,4.5
1708,,Jarell Quansah,Jarell,Quansah,England,ENG,L,18,DEF,4.4
468,,Harry Kane,Harry,Kane,England,ENG,L,18,FWD,10.5
1711,,Ollie Watkins,Ollie,Watkins,England,ENG,L,18,FWD,7.9
1712,,Ivan Toney,Ivan,Toney,England,ENG,L,18,FWD,7.5
476,,Noni Madueke,Noni,Madueke,England,ENG,L,18,FWD,6.1
477,,Jordan Pickford,Jordan,Pickford,England,ENG,L,18,GK,4.8
478,,Dean Henderson,Dean,Henderson,England,ENG,L,18,GK,4.2
479,,James Trafford,James,Trafford,England,ENG,L,18,GK,4
469,,Bukayo Saka,Bukayo,Saka,England,ENG,L,18,MID,9.5
491,,Jude Bellingham,Jude,Bellingham,England,ENG,L,18,MID,8.3
1710,,Eberechi Eze,Eberechi,Eze,England,ENG,L,18,MID,8
471,,Marcus Rashford,Marcus,Rashford,England,ENG,L,18,MID,7.5
475,,Morgan Rogers,Morgan,Rogers,England,ENG,L,18,MID,7.2
488,,Declan Rice,Declan,Rice,England,ENG,L,18,MID,7
474,,Anthony Gordon,Anthony,Gordon,England,ENG,L,18,MID,7
486,,Elliot Anderson,Elliot,Anderson,England,ENG,L,18,MID,6.5
485,,Kobbie Mainoo,Kobbie,Mainoo,England,ENG,L,18,MID,6.1
482,,Jordan Henderson,Jordan,Henderson,England,ENG,L,18,MID,5.1
1973,,Abdul Baba,Abdul,Baba,Ghana,GHA,L,21,DEF,3.9
1974,,Alidu Seidu,Alidu,Seidu,Ghana,GHA,L,21,DEF,3.9
1981,,Gideon Mensah,Gideon,Mensah,Ghana,GHA,L,21,DEF,3.9
1980,,Jerome Opoku,Jerome,Opoku,Ghana,GHA,L,21,DEF,3.8
1977,,Abdul Mumin,Abdul,Mumin,Ghana,GHA,L,21,DEF,3.7
2068,,Derrick Luckassen,Derrick,Luckassen,Ghana,GHA,L,21,DEF,3.7
1979,,Marvin Senaya,Marvin,Senaya,Ghana,GHA,L,21,DEF,3.5
1975,,Kojo Peprah Oppong,Kojo,Peprah Oppong,Ghana,GHA,L,21,DEF,3.5
1976,,Jonas Adjetey,Jonas,Adjetey,Ghana,GHA,L,21,DEF,3.5
1992,,Antoine Semenyo,Antoine,Semenyo,Ghana,GHA,L,21,FWD,7.2
1990,,Abdul Fatawu,Abdul,Fatawu,Ghana,GHA,L,21,FWD,6.4
1987,,Iñaki Williams,Iñaki,Williams,Ghana,GHA,L,21,FWD,5.9
1986,,Jordan Ayew,Jordan,Ayew,Ghana,GHA,L,21,FWD,5.3
1994,,Kamaldeen Sulemana,Kamaldeen,Sulemana,Ghana,GHA,L,21,FWD,5.1
1993,,Brandon Thomas-Asante,Brandon,Thomas-Asante,Ghana,GHA,L,21,FWD,5.1
1991,,Christopher Bonsu Baah,Christopher,Bonsu Baah,Ghana,GHA,L,21,FWD,4.5
1989,,Prince Adu,Prince,Adu,Ghana,GHA,L,21,FWD,4
1971,,Lawrence Ati Zigi,Lawrence Ati,Zigi,Ghana,GHA,L,21,GK,4
565,,Benjamin Asare,Benjamin,Asare,Ghana,GHA,L,21,GK,3.8
1972,,Joseph Anang,Joseph,Anang,Ghana,GHA,L,21,GK,3.6
1983,,Thomas Partey,Thomas,Partey,Ghana,GHA,L,21,MID,6.2
1984,,Elisha Owusu,Elisha,Owusu,Ghana,GHA,L,21,MID,5.3
1988,,Ernest Nuamah,Ernest,Nuamah,Ghana,GHA,L,21,MID,5
1445,,Augustine Boakye,Augustine,Boakye,Ghana,GHA,L,21,MID,4.9
1985,,Kwasi Sibo,Kwasi,Sibo,Ghana,GHA,L,21,MID,4.7
1982,,Caleb Yirenkyi,Caleb,Yirenkyi,Ghana,GHA,L,21,MID,4.7
870,,Amir Murillo,Amir,Murillo,Panama,PAN,L,33,DEF,5
2057,,José Murillo,José,Murillo,Panama,PAN,L,33,DEF,4.3
871,,José Córdoba,José,Córdoba,Panama,PAN,L,33,DEF,4
2027,,Edgardo Fariña,Edgardo,Fariña,Panama,PAN,L,33,DEF,3.9
872,,Éric Davis,Éric,Davis,Panama,PAN,L,33,DEF,3.9
2026,,Fidel Escobar,Fidel,Escobar,Panama,PAN,L,33,DEF,3.8
873,,César Blackman,César,Blackman,Panama,PAN,L,33,DEF,3.7
874,,Andrés Andrade,Andrés,Andrade,Panama,PAN,L,33,DEF,3.7
876,,Jiovany Ramos,Jiovany,Ramos,Panama,PAN,L,33,DEF,3.5
875,,Roderick Miller,Roderick,Miller,Panama,PAN,L,33,DEF,3.5
878,,Jorge Gutiérrez,Jorge,Gutiérrez,Panama,PAN,L,33,DEF,3.5
881,,Cecilio Waterman,Cecilio,Waterman,Panama,PAN,L,33,FWD,5
879,,Ismael Díaz,Ismael,Díaz,Panama,PAN,L,33,FWD,4.9
880,,José Fajardo,José,Fajardo,Panama,PAN,L,33,FWD,4.7
2030,,Tomás Rodríguez,Tomás,Rodríguez,Panama,PAN,L,33,FWD,4.5
2029,,Azarías Londoño,Azarías,Londoño,Panama,PAN,L,33,FWD,4.4
882,,César Yanis,César,Yanis,Panama,PAN,L,33,FWD,4.4
2028,,Alberto Quintero,Alberto,Quintero,Panama,PAN,L,33,FWD,4.2
884,,Luis Mejía,Luis,Mejía,Panama,PAN,L,33,GK,4
885,,Orlando Mosquera,Orlando,Mosquera,Panama,PAN,L,33,GK,3.9
886,,César Samudio,César,Samudio,Panama,PAN,L,33,GK,3.6
887,,Adalberto Carrasquilla,Adalberto,Carrasquilla,Panama,PAN,L,33,MID,6.5
867,,Yoel Bárcenas,Yoel,Bárcenas,Panama,PAN,L,33,MID,5.6
868,,José Luis Rodríguez,José Luis,Rodríguez,Panama,PAN,L,33,MID,5.6
869,,Aníbal Godoy,Aníbal,Godoy,Panama,PAN,L,33,MID,5.6
866,,Cristian Martínez,Cristian,Martínez,Panama,PAN,L,33,MID,5.3
865,,Carlos Harvey,Carlos,Harvey,Panama,PAN,L,33,MID,4.9
